jd,n0,e0,u0,n1,e1,u1,n2,e2,u2
2017-02-28,-383.764,786.978,469.842,-849.254,-661.9350000000001,960.433,-1020.3899999999999,-746.798,380.35200000000003
2017-03-01,-383.08799999999997,788.443,470.86400000000003,-848.816,-661.851,957.7639999999999,-1019.225,-744.507,384.416
2017-03-02,-383.962,787.6999999999999,467.741,-849.758,-659.5680000000001,952.1059999999999,-1021.275,-746.421,378.50300000000004
2017-03-03,-385.64699999999993,790.15,474.47399999999993,-850.348,-660.092,959.5540000000001,-1020.13,-746.7239999999999,375.71999999999997
2017-03-04,-385.835,789.2979999999999,470.64700000000005,-849.926,-659.0970000000001,956.939,-1021.0790000000001,-745.3989999999999,381.59
2017-03-05,-386.238,787.835,467.916,-850.463,-658.2,949.5930000000001,-1021.3290000000002,-745.415,381.179
2017-03-06,-383.50300000000004,787.399,471.01000000000005,-852.044,-660.149,958.0120000000001,-1020.7040000000001,-746.452,384.787
2017-03-07,-385.79600000000005,790.1850000000001,469.21299999999997,-849.5370000000001,-657.267,954.93,-1024.467,-745.441,380.975
2017-03-08,-383.457,789.0390000000001,470.465,-851.151,-658.766,962.338,-1021.156,-747.026,384.175
2017-03-09,-381.61100000000005,788.119,474.738,-849.7549999999999,-659.7819999999999,963.525,-1018.667,-746.432,384.355
2017-03-10,-383.853,786.911,477.051,-850.5370000000001,-658.107,962.801,-1018.88,-747.4380000000001,390.242
2017-03-11,-382.92600000000004,789.143,479.071,-850.726,-660.396,965.5809999999999,-1018.757,-746.885,388.719
2017-03-12,-383.04499999999996,787.064,477.54799999999994,-850.62,-660.867,964.6899999999999,-1019.0790000000001,-746.131,387.16
2017-03-13,-384.996,786.235,472.84799999999996,-853.3389999999999,-660.1949999999999,971.963,-1019.849,-747.939,387.627
2017-03-14,-383.748,787.686,471.32700000000006,-851.551,-658.636,964.9870000000001,-1019.232,-746.289,385.173
2017-03-15,-383.141,787.5409999999999,476.035,-850.153,-658.9920000000001,964.335,-1020.3360000000001,-746.362,388.639
2017-03-16,-385.027,788.2810000000001,475.52299999999997,-851.951,-658.2399999999999,968.932,-1021.2969999999999,-746.819,388.094
2017-03-17,-385.35999999999996,787.226,467.808,-852.6040000000002,-657.175,964.2270000000001,-1021.0980000000001,-749.576,384.327
2017-03-18,-384.61,788.433,474.525,-851.01,-657.971,965.413,-1019.08,-747.4159999999999,384.227
2017-03-19,-382.301,787.527,470.61199999999997,-851.2389999999999,-660.091,964.467,-1019.0489999999999,-746.458,383.859
2017-03-20,-384.454,788.5029999999999,472.66499999999996,-851.3459999999999,-661.4499999999999,971.0280000000001,-1021.2139999999998,-745.3149999999999,385.05
2017-03-21,-383.21,788.35,474.361,-849.134,-661.4839999999999,975.677,-1021.0110000000001,-746.3989999999999,393.598
2017-03-22,-382.502,784.6659999999999,469.6770000000001,-853.866,-660.671,963.674,-1018.5409999999999,-749.136,385.936
2017-03-23,-383.491,787.552,470.27799999999996,-851.368,-662.512,968.26,-1019.723,-747.732,384.563
2017-03-24,-385.19000000000005,787.329,470.35200000000003,-852.792,-658.888,961.3729999999999,-1020.5169999999999,-748.4,384.025
2017-03-25,-384.45799999999997,786.065,471.552,-853.6940000000001,-658.867,962.9069999999999,-1020.049,-748.787,385.361
2017-03-26,-385.365,787.509,474.421,-851.494,-657.149,963.938,-1021.909,-747.7,389.312
2017-03-27,-383.59099999999995,789.302,472.94599999999997,-850.29,-657.048,972.8370000000001,-1020.6600000000001,-745.605,383.465
2017-03-28,-384.17199999999997,786.98,478.623,-852.503,-657.379,971.165,-1020.2979999999999,-747.533,387.392
2017-03-29,-385.151,789.5810000000001,478.061,-849.792,-656.183,969.727,-1021.9739999999999,-747.484,391.95399999999995
2017-03-30,-384.298,786.743,474.276,-851.9709999999999,-659.9939999999999,973.29,-1022.435,-749.013,393.375
2017-03-31,-383.71,786.955,480.26099999999997,-850.41,-658.449,970.4200000000001,-1019.962,-747.559,393.08899999999994
2017-04-01,-385.303,787.122,476.865,-850.6179999999999,-658.307,968.567,-1021.5790000000001,-747.621,395.339
2017-04-02,-384.881,785.553,481.469,-853.195,-658.8109999999999,976.47,-1021.1410000000001,-748.224,395.343
2017-04-03,-383.70300000000003,786.839,477.76499999999993,-851.6379999999999,-659.098,968.518,-1019.5110000000001,-748.023,393.81500000000005
2017-04-04,-382.65,789.736,476.74399999999997,-852.1410000000001,-657.8609999999999,973.0419999999999,-1021.169,-746.46,393.604
2017-04-05,-385.634,786.8850000000001,476.163,-852.5749999999999,-658.612,969.25,-1021.347,-749.362,390.797
2017-04-06,-385.11,787.448,475.83400000000006,-851.5690000000001,-657.694,967.494,-1020.959,-748.0029999999999,391.01
2017-04-07,-385.48499999999996,786.931,478.076,-851.9010000000001,-657.872,970.3639999999999,-1021.268,-749.907,394.586
2017-04-08,-385.812,788.1819999999999,475.421,-852.476,-657.3220000000001,973.778,-1021.5989999999999,-750.145,396.969
2017-04-09,-388.445,786.942,478.071,-852.6969999999999,-655.9920000000001,974.6,-1024.108,-750.384,395.075
2017-04-10,-385.411,787.134,477.04999999999995,-851.1700000000001,-657.125,973.958,-1020.893,-748.797,393.1
2017-04-11,-384.77299999999997,788.203,483.833,-849.7139999999999,-656.908,978.5719999999999,-1021.3020000000001,-746.771,394.473
2017-04-12,-384.446,785.7270000000001,479.091,-851.165,-657.7310000000001,968.874,-1019.8190000000001,-750.1399999999999,396.731
2017-04-13,-385.47900000000004,787.6569999999999,480.712,-851.0790000000002,-657.184,967.5520000000001,-1020.8729999999999,-748.8430000000001,395.152
2017-04-14,-385.546,788.5889999999999,480.54200000000003,-850.197,-657.116,970.951,-1023.0620000000001,-746.892,393.366
2017-04-15,-385.11400000000003,787.645,479.218,-851.061,-658.387,968.405,-1020.084,-747.971,393.33000000000004
2017-04-16,-387.356,787.956,491.058,-853.075,-656.745,969.6179999999999,-1021.123,-749.6610000000001,392.69899999999996
2017-04-17,-386.14799999999997,787.7729999999999,480.442,-851.032,-656.677,966.592,-1021.6700000000001,-748.9279999999999,395.384
2017-04-18,-386.413,788.764,473.171,-851.649,-657.452,969.097,-1022.2450000000001,-748.725,391.259
2017-04-19,-385.996,787.652,478.26099999999997,-851.893,-657.879,967.9989999999999,-1021.385,-748.902,389.776
2017-04-20,-383.529,787.232,479.745,-849.969,-660.329,974.254,-1019.1270000000001,-746.045,394.418
2017-04-21,-382.92900000000003,787.928,477.45799999999997,-849.9290000000001,-658.99,965.0600000000001,-1019.5889999999998,-747.3029999999999,393.741
2017-04-22,-385.53000000000003,787.697,478.267,-850.2360000000001,-658.415,974.3209999999999,-1021.3649999999999,-748.3850000000001,397.222
2017-04-23,-383.629,787.736,479.351,-849.937,-657.9359999999999,971.3889999999999,-1020.025,-748.534,398.02500000000003
2017-04-24,-385.496,787.4060000000001,477.566,-849.778,-658.0010000000001,969.6030000000001,-1021.699,-747.9279999999999,388.882
2017-04-25,-385.432,787.331,476.469,-850.894,-657.1270000000001,967.643,-1021.3649999999999,-747.925,392.138
2017-04-26,-385.77299999999997,787.726,479.16999999999996,-851.7399999999999,-656.419,966.975,-1022.037,-749.567,392.287
2017-04-27,-386.31100000000004,786.937,475.581,-851.461,-657.299,960.9159999999999,-1020.6610000000001,-748.783,388.552
2017-04-28,-386.411,787.037,479.674,-852.482,-655.9110000000001,960.5229999999999,-1021.9770000000001,-749.2479999999999,389.778
2017-04-29,-386.57199999999995,787.423,475.48100000000005,-853.611,-657.594,965.0419999999999,-1022.6360000000001,-749.605,394.307
2017-04-30,-385.801,788.064,471.81899999999996,-851.061,-657.485,962.2069999999999,-1020.278,-748.731,388.80199999999996
2017-05-01,-384.37,788.64,475.052,-851.197,-657.968,965.7020000000001,-1019.859,-748.5189999999999,394.49600000000004
2017-05-02,-384.33,787.0169999999999,479.22200000000004,-850.7660000000001,-657.756,963.41,-1020.497,-747.9050000000001,391.907
2017-05-03,-385.693,786.547,482.48900000000003,-852.7889999999999,-657.9689999999999,972.075,-1020.8540000000002,-748.8439999999999,396.46799999999996
2017-05-04,-383.69100000000003,786.451,479.56300000000005,-851.1959999999999,-659.682,969.265,-1019.4499999999999,-748.5600000000001,395.152
2017-05-05,-383.01199999999994,787.4839999999999,479.914,-850.583,-657.411,968.338,-1019.6419999999999,-747.5569999999999,394.049
2017-05-06,-382.94800000000004,787.772,479.01400000000007,-851.0040000000001,-656.738,970.3950000000001,-1020.044,-748.907,396.19599999999997
2017-05-07,-383.166,785.529,480.337,-852.2729999999999,-658.904,971.3700000000001,-1019.344,-748.5970000000001,393.566
2017-05-08,-383.295,787.967,480.379,-851.1410000000001,-658.03,974.341,-1020.684,-746.634,393.727
2017-05-09,-385.358,786.183,479.06800000000004,-851.643,-657.2379999999999,967.6790000000001,-1020.7139999999999,-748.736,395.355
2017-05-10,-386.048,786.607,483.00200000000007,-852.707,-657.543,975.54,-1021.8009999999999,-748.797,393.793
2017-05-11,-385.22499999999997,787.1270000000001,481.72600000000006,-852.5719999999999,-657.301,974.0110000000001,-1020.7059999999999,-748.7439999999999,396.327
2017-05-12,-381.529,786.366,482.969,-850.866,-659.2819999999999,972.483,-1017.8290000000001,-748.6270000000001,397.36199999999997
2017-05-13,-383.851,786.517,481.242,-851.3620000000001,-658.134,970.0120000000001,-1019.2889999999999,-748.848,395.4
2017-05-14,-385.664,786.4680000000001,473.241,-852.0190000000001,-659.049,971.9440000000001,-1019.476,-747.6550000000001,394.232
2017-05-15,-386.974,785.5020000000001,471.11099999999993,-853.938,-658.6390000000001,966.743,-1021.0999999999999,-750.5319999999999,388.00500000000005
2017-05-16,-386.144,784.9229999999999,478.224,-854.497,-659.902,975.5070000000001,-1022.3599999999999,-747.951,380.68800000000005
2017-05-17,-384.12800000000004,786.313,473.713,-852.1780000000001,-662.135,975.6020000000001,-1020.2950000000002,-746.923,387.233
2017-05-18,-385.682,786.759,466.904,-852.432,-657.8439999999999,956.722,-1021.017,-747.922,390.513
2017-05-19,-385.702,787.114,467.40600000000006,-852.384,-658.436,963.8200000000002,-1021.9120000000001,-749.264,386.25
2017-05-20,-384.957,788.501,473.263,-851.093,-658.338,968.3739999999999,-1020.88,-748.9979999999999,386.883
2017-05-21,-387.48499999999996,787.308,473.6770000000001,-852.038,-657.529,969.7139999999999,-1020.1930000000001,-749.0100000000001,384.41700000000003
2017-05-22,-385.13100000000003,787.451,469.81000000000006,-850.75,-658.928,971.2120000000001,-1021.693,-746.405,386.165
2017-05-23,-384.361,786.431,471.919,-851.8290000000001,-660.0060000000001,963.674,-1020.389,-746.893,378.76
2017-05-24,-385.808,785.533,472.338,-854.4799999999999,-657.233,963.039,-1021.5559999999999,-748.938,383.67699999999996
2017-05-25,-384.64,787.2379999999999,470.32099999999997,-851.491,-659.2,960.566,-1020.247,-746.832,386.836
2017-05-26,-385.692,787.7760000000001,466.084,-850.344,-659.25,963.644,-1019.731,-748.6899999999999,390.927
2017-05-27,-384.436,785.813,472.211,-851.914,-659.0,968.483,-1020.8919999999999,-749.0060000000001,391.16200000000003
2017-05-28,-384.304,787.1279999999999,473.936,-852.3879999999999,-656.872,970.7629999999999,-1022.2180000000001,-747.652,388.42199999999997
2017-05-29,-384.059,787.717,476.427,-851.3430000000001,-656.9169999999999,965.5950000000001,-1021.868,-747.8779999999999,392.849
2017-05-30,-386.129,786.65,476.73,-852.4209999999998,-658.323,967.508,-1021.7959999999999,-748.772,392.55
2017-05-31,-384.859,788.8779999999999,473.3979999999999,-848.9459999999999,-656.389,962.392,-1022.4879999999998,-746.3729999999999,386.897
2017-06-01,-385.667,788.027,479.37600000000003,-852.5840000000001,-657.508,969.378,-1022.5759999999999,-748.4430000000001,390.255
2017-06-02,-385.125,788.423,482.92799999999994,-850.4709999999999,-658.903,969.268,-1022.313,-747.0020000000001,389.613
2017-06-03,-385.69599999999997,788.034,477.74499999999995,-851.187,-656.651,968.073,-1022.8760000000001,-747.676,388.876
2017-06-04,-385.87,787.9470000000001,475.948,-851.689,-656.903,971.6959999999999,-1023.3879999999999,-747.018,387.31
2017-06-05,-385.58000000000004,787.439,475.35200000000003,-851.156,-660.1120000000001,975.3950000000001,-1021.372,-747.749,385.245
2017-06-06,-385.55300000000005,788.6229999999999,475.026,-850.8760000000001,-656.9350000000001,965.9870000000001,-1022.003,-747.703,382.66
2017-06-07,-384.12199999999996,787.817,474.66099999999994,-849.7620000000002,-658.723,964.3940000000001,-1020.292,-747.1399999999999,382.975
2017-06-08,-385.719,787.527,475.812,-851.8090000000001,-658.594,969.5440000000001,-1021.63,-747.339,385.552
2017-06-09,-385.471,786.955,475.311,-851.508,-659.855,972.168,-1022.1009999999999,-747.645,388.914
2017-06-10,-386.102,787.4499999999999,477.03299999999996,-850.9100000000001,-658.317,966.5889999999999,-1021.6339999999999,-748.0020000000001,390.25300000000004
2017-06-11,-384.74,787.9920000000001,472.162,-849.5799999999999,-659.364,964.3340000000001,-1020.615,-746.817,385.556
2017-06-12,-387.16499999999996,785.107,467.42499999999995,-854.509,-657.5210000000001,965.515,-1022.0709999999999,-750.077,383.189
2017-06-13,-385.683,786.1779999999999,474.567,-852.2139999999999,-659.7850000000001,967.0709999999999,-1021.7590000000001,-748.6149999999999,386.16999999999996
2017-06-14,-384.288,785.88,476.27,-852.082,-658.7800000000001,966.044,-1019.773,-749.3290000000001,386.772
2017-06-15,-385.264,784.436,476.74499999999995,-852.188,-657.0500000000001,966.1379999999999,-1020.542,-750.8000000000001,389.147
2017-06-16,-383.612,787.333,482.155,-849.807,-659.7180000000001,973.792,-1019.722,-747.24,390.728
2017-06-17,-384.729,786.2869999999999,480.454,-852.376,-657.75,970.49,-1019.89,-748.912,391.97600000000006
2017-06-18,-384.56,787.1179999999999,478.24799999999993,-850.893,-656.734,970.434,-1021.3760000000001,-747.804,388.742
2017-06-19,-384.47800000000007,787.165,478.46000000000004,-850.2860000000001,-658.145,972.0559999999999,-1021.4239999999999,-748.236,392.847
2017-06-20,-384.79400000000004,785.993,479.51000000000005,-852.497,-656.822,966.894,-1020.7740000000001,-749.8199999999999,389.85999999999996
2017-06-21,-384.947,786.918,477.49899999999997,-852.3,-656.913,968.393,-1022.435,-748.6270000000001,392.627
2017-06-22,-384.596,786.827,475.178,-850.611,-658.331,968.542,-1018.793,-747.572,386.385
2017-06-23,-384.98,785.5569999999999,479.137,-851.563,-659.177,969.344,-1020.2009999999999,-747.573,391.758
2017-06-24,-385.28499999999997,786.033,473.66700000000003,-851.9290000000001,-658.563,968.666,-1020.003,-748.3729999999999,385.579
2017-06-25,-383.954,785.922,475.76899999999995,-851.1049999999999,-660.1600000000001,970.231,-1019.5209999999998,-747.491,385.129
2017-06-26,-382.81399999999996,786.464,476.109,-850.678,-660.306,972.0020000000001,-1019.1250000000001,-746.688,384.79600000000005
2017-06-27,-384.78200000000004,786.418,475.93100000000004,-851.64,-657.5060000000001,971.57,-1020.573,-748.9970000000001,386.758
2017-06-28,-384.835,785.95,477.833,-851.223,-660.705,970.9799999999999,-1020.0879999999999,-748.4490000000001,387.01099999999997
2017-06-29,-385.93,787.351,475.214,-851.4350000000001,-659.698,969.098,-1021.9989999999999,-746.787,386.457
2017-06-30,-386.866,786.7270000000001,472.72200000000004,-852.3309999999999,-658.909,972.202,-1021.703,-748.546,389.37699999999995
2017-07-01,-386.714,787.938,472.7439999999999,-851.924,-657.95,973.6,-1022.591,-747.499,386.84200000000004
2017-07-02,-385.502,785.464,476.82700000000006,-852.9499999999999,-658.839,975.1129999999999,-1021.65,-749.317,391.77099999999996
2017-07-03,-384.336,783.554,470.775,-854.5540000000001,-658.505,967.2760000000001,-1019.606,-751.2330000000001,388.79
2017-07-04,-385.787,785.8770000000001,478.156,-853.0840000000001,-657.9470000000001,974.7249999999999,-1020.7629999999999,-749.8739999999999,392.49600000000004
2017-07-05,-385.59099999999995,783.018,475.587,-855.917,-659.5770000000001,972.302,-1020.1719999999999,-752.325,389.72399999999993
2017-07-06,-384.29999999999995,787.667,476.88800000000003,-851.71,-658.22,977.5809999999999,-1020.9840000000002,-747.9970000000001,389.135
2017-07-07,-383.583,785.259,479.498,-852.7829999999999,-661.403,981.3530000000001,-1018.516,-749.052,394.28200000000004
2017-07-08,-384.915,786.3829999999999,477.2149999999999,-851.9129999999999,-658.9639999999999,977.885,-1020.627,-748.812,395.8
2017-07-09,-385.64899999999994,785.47,475.596,-853.1,-660.405,983.0,-1020.677,-749.953,395.941
2017-07-10,-384.26500000000004,785.8870000000001,474.299,-851.463,-658.574,973.6389999999999,-1020.6729999999999,-749.214,393.10100000000006
2017-07-11,-385.444,785.673,478.68,-851.505,-657.211,968.975,-1021.6049999999999,-748.806,392.33099999999996
2017-07-12,-385.587,786.479,477.50600000000003,-852.551,-658.029,978.916,-1021.474,-749.4960000000001,389.286
2017-07-13,-385.759,785.598,474.15000000000003,-852.424,-657.405,972.3700000000001,-1021.1649999999998,-749.8620000000001,390.974
2017-07-14,-383.728,785.7819999999999,475.685,-850.9219999999999,-660.3670000000001,969.845,-1019.3760000000001,-748.4340000000001,387.68600000000004
2017-07-15,-384.17199999999997,784.55,473.379,-852.024,-661.2819999999999,968.713,-1018.8330000000001,-749.057,388.099
2017-07-16,-386.90200000000004,786.88,469.861,-852.5690000000001,-659.267,975.5070000000001,-1022.3100000000001,-748.05,391.674
2017-07-17,-383.718,786.7760000000001,466.33599999999996,-850.2870000000001,-660.196,971.016,-1018.4549999999999,-747.293,395.345
2017-07-18,-385.887,786.009,465.979,-852.875,-658.36,967.6620000000001,-1021.8830000000002,-748.3340000000001,388.772
2017-07-19,-383.324,787.8779999999999,474.3979999999999,-851.96,-659.039,968.7860000000001,-1021.9850000000001,-747.262,386.973
2017-07-20,-384.14799999999997,786.681,472.689,-851.866,-661.9739999999999,967.902,-1020.3409999999999,-747.1399999999999,385.878
2017-07-21,-382.818,786.832,472.08500000000004,-851.4549999999999,-661.089,970.195,-1021.38,-748.193,388.441
2017-07-22,-385.04099999999994,787.179,469.965,-853.974,-660.3439999999999,961.0049999999999,-1021.0620000000001,-749.283,380.304
2017-07-23,-385.066,787.8539999999999,466.62,-851.7309999999999,-660.409,956.894,-1024.721,-747.616,391.648
2017-07-24,-384.18600000000004,786.408,468.49399999999997,-854.208,-661.024,960.097,-1021.396,-748.045,383.198
2017-07-25,-382.654,786.091,468.242,-853.3700000000001,-661.893,962.457,-1021.0379999999999,-747.261,381.757
2017-07-26,-383.7,785.089,470.77799999999996,-854.1120000000001,-660.015,966.492,-1020.6030000000002,-749.851,383.024
2017-07-27,-384.27,787.3299999999999,476.14399999999995,-851.7399999999999,-658.911,969.426,-1021.3780000000002,-749.0329999999999,388.41700000000003
2017-07-28,-384.421,786.6410000000001,477.663,-852.8899999999999,-659.9000000000001,972.497,-1021.2829999999999,-749.8670000000001,394.431
2017-07-29,-384.218,784.726,494.31800000000004,-851.9459999999999,-658.889,972.5530000000001,-1022.2610000000001,-748.608,395.70500000000004
2017-07-30,-384.856,785.573,486.24300000000005,-853.7819999999999,-658.6880000000001,974.516,-1021.1649999999998,-748.904,396.716
2017-07-31,-383.73400000000004,785.787,487.253,-851.6219999999998,-659.036,976.109,-1020.6690000000001,-748.992,396.046
2017-08-01,-384.652,783.857,482.26199999999994,-854.871,-659.7800000000001,975.305,-1018.983,-750.375,399.067
2017-08-02,-384.47600000000006,784.452,477.623,-852.45,-660.312,968.1659999999999,-1019.398,-750.066,391.881
2017-08-03,-386.007,784.602,474.916,-853.793,-659.082,970.527,-1021.4940000000001,-750.976,391.309
2017-08-04,-386.086,785.9159999999999,474.97499999999997,-853.01,-658.9659999999999,967.1780000000001,-1022.142,-749.1999999999999,386.869
2017-08-05,-385.534,785.3820000000001,476.47399999999993,-852.5500000000001,-659.6479999999999,965.4319999999999,-1020.3799999999999,-747.4159999999999,382.303
2017-08-06,-383.709,786.524,474.8310000000001,-850.406,-660.5889999999999,963.6610000000001,-1020.9059999999998,-746.058,384.73600000000005
2017-08-07,-385.414,785.364,474.456,-852.3850000000001,-659.638,961.616,-1019.9209999999998,-749.221,383.171
2017-08-08,-385.837,786.0729999999999,473.788,-852.407,-658.672,966.477,-1021.212,-748.098,380.959
2017-08-09,-383.50600000000003,785.892,476.26099999999997,-850.4139999999999,-660.091,966.5,-1018.405,-747.533,388.305
2017-08-10,-387.06399999999996,785.9540000000001,476.308,-851.615,-658.4590000000001,964.836,-1020.918,-747.965,388.528
2017-08-11,-387.898,784.931,473.40600000000006,-853.86,-657.645,968.2120000000001,-1022.3659999999999,-748.834,387.579
2017-08-12,-387.52,787.3,475.878,-851.893,-657.113,971.742,-1022.0129999999998,-747.361,390.48699999999997
2017-08-13,-386.15700000000004,786.284,478.728,-850.9440000000001,-658.272,970.8290000000001,-1020.383,-747.36,390.934
2017-08-14,-386.693,784.03,477.979,-853.72,-658.813,974.7719999999999,-1020.972,-749.589,393.563
2017-08-15,-385.924,784.422,476.392,-854.817,-659.959,964.7020000000001,-1021.476,-748.38,388.364
2017-08-16,-382.47900000000004,783.8510000000001,475.01300000000003,-852.7020000000001,-662.154,962.2790000000001,-1018.5959999999999,-748.213,387.312
2017-08-17,-384.12800000000004,785.117,481.623,-852.528,-661.609,968.038,-1019.87,-748.515,393.65500000000003
2017-08-18,-384.12800000000004,784.802,478.80600000000004,-852.144,-660.791,967.347,-1020.839,-749.293,396.04
2017-08-19,-385.92600000000004,785.51,470.2270000000001,-852.8690000000001,-661.286,973.816,-1020.6549999999999,-748.521,388.576
2017-08-20,-384.605,785.6600000000001,473.555,-851.485,-660.6039999999999,969.284,-1018.2629999999999,-746.7819999999999,386.35
2017-08-21,-384.737,785.158,469.2149999999999,-852.6590000000001,-658.771,970.372,-1019.6750000000001,-749.045,386.034
2017-08-22,-384.69100000000003,785.975,474.62600000000003,-852.7940000000001,-658.28,975.017,-1019.8719999999998,-747.289,392.031
2017-08-23,-383.549,785.062,473.209,-853.158,-661.547,972.516,-1019.131,-747.339,393.27099999999996
2017-08-24,-383.991,783.9689999999999,474.263,-853.563,-661.532,969.8240000000001,-1019.2450000000002,-749.229,388.521
2017-08-25,-386.47600000000006,786.146,472.671,-852.476,-658.251,965.3739999999999,-1020.5309999999998,-748.602,391.175
2017-08-26,-384.339,784.284,479.36699999999996,-853.657,-659.3140000000001,975.5219999999999,-1018.421,-749.087,395.47700000000003
2017-08-27,-385.102,785.871,479.71000000000004,-852.2700000000001,-657.748,974.8379999999999,-1020.667,-747.7729999999999,393.169
2017-08-28,-385.653,786.107,480.442,-851.5749999999999,-657.0319999999999,972.656,-1021.242,-747.26,394.325
2017-08-29,-383.83,786.144,482.23999999999995,-851.226,-659.514,974.216,-1019.066,-747.711,393.71799999999996
2017-08-30,-382.06,785.424,481.12100000000004,-850.9760000000001,-660.25,968.85,-1019.1680000000001,-747.093,392.121
2017-08-31,-386.93499999999995,784.231,478.44100000000003,-855.027,-659.434,977.0200000000001,-1021.102,-749.8399999999999,391.38800000000003
2017-09-01,-383.854,786.535,476.99899999999997,-851.9,-659.126,978.611,-1020.519,-747.313,387.057
2017-09-02,-382.88,786.6189999999999,475.61,-851.6959999999999,-660.347,972.3879999999999,-1018.437,-747.118,384.914
2017-09-03,-383.61699999999996,785.706,468.96000000000004,-852.1549999999999,-659.92,966.347,-1019.0980000000001,-747.715,387.53200000000004
2017-09-04,-385.489,784.535,471.691,-852.9040000000001,-660.166,967.678,-1019.7810000000001,-749.1790000000001,386.184
2017-09-05,-383.32899999999995,784.1510000000001,476.407,-853.6969999999999,-661.636,968.5870000000001,-1019.2339999999999,-748.5659999999999,384.295
2017-09-06,-383.271,784.555,475.093,-852.758,-660.0659999999999,970.254,-1019.9850000000001,-748.9140000000001,383.073
2017-09-07,-384.96599999999995,786.025,472.805,-853.2239999999999,-660.663,964.658,-1020.1519999999999,-748.9879999999999,381.92600000000004
2017-09-08,-386.537,785.065,469.941,-851.1709999999999,-658.61,960.57,-1023.0780000000002,-749.364,383.48199999999997
2017-09-09,-384.474,788.2040000000001,478.59399999999994,-850.2280000000001,-659.1510000000001,967.5959999999999,-1022.0420000000001,-746.0060000000001,384.634
2017-09-10,-384.38,786.021,475.581,-852.662,-657.904,966.597,-1020.543,-748.111,385.104
2017-09-11,-383.19899999999996,786.893,479.40600000000006,-850.4809999999999,-659.634,974.3139999999999,-1020.51,-746.837,387.39099999999996
2017-09-12,-384.84200000000004,785.784,476.342,-853.207,-658.402,970.7110000000001,-1019.568,-748.644,386.97800000000007
2017-09-13,-383.08000000000004,786.618,476.63999999999993,-851.3059999999999,-660.91,971.4739999999999,-1020.1120000000001,-746.8100000000001,382.969
2017-09-14,-385.08200000000005,784.435,475.032,-854.9700000000001,-660.114,974.6879999999999,-1019.8479999999998,-748.7020000000001,386.524
2017-09-15,-383.639,784.444,473.60699999999997,-852.3770000000001,-660.556,972.0889999999999,-1018.7779999999999,-748.577,382.805
2017-09-16,-383.75,786.011,472.02200000000005,-853.1450000000001,-660.8470000000001,975.677,-1020.45,-746.644,385.886
2017-09-17,-386.134,786.254,475.718,-853.21,-658.659,972.1870000000001,-1021.817,-748.1220000000001,385.097
2017-09-18,-384.777,785.8779999999999,474.229,-852.26,-658.6149999999999,974.1129999999999,-1021.728,-748.357,383.54099999999994
2017-09-19,-384.851,785.361,473.741,-852.708,-657.75,966.36,-1020.5150000000001,-749.525,385.32899999999995
2017-09-20,-384.37,785.615,475.605,-851.793,-659.1560000000001,968.8399999999999,-1020.519,-747.9359999999999,382.378
2017-09-21,-385.538,786.438,478.433,-852.049,-656.5569999999999,972.255,-1021.2889999999999,-749.598,390.105
2017-09-22,-384.30199999999996,785.486,477.00399999999996,-851.7600000000001,-658.566,974.1110000000001,-1020.1340000000001,-748.322,387.38
2017-09-23,-383.104,785.275,473.95,-850.879,-659.845,970.176,-1020.292,-748.189,387.549
2017-09-24,-384.706,784.897,478.01300000000003,-852.252,-658.432,973.1870000000001,-1019.8639999999999,-749.12,390.19599999999997
2017-09-25,-382.993,786.153,475.688,-851.0280000000001,-657.763,971.811,-1020.448,-747.564,387.40000000000003
2017-09-26,-384.059,783.616,474.279,-853.102,-659.903,975.3370000000001,-1020.1260000000001,-749.9399999999999,384.556
2017-09-27,-384.361,784.295,477.779,-852.0459999999998,-658.5569999999999,970.558,-1019.277,-748.7819999999999,382.674
2017-09-28,-382.255,782.381,473.04200000000003,-853.119,-660.618,967.7280000000001,-1016.7139999999999,-750.996,382.789
2017-09-29,-383.589,783.224,474.34,-852.503,-660.337,964.162,-1019.564,-750.93,384.883
2017-09-30,-383.162,784.3760000000001,478.142,-852.064,-659.862,970.232,-1019.7200000000001,-749.6279999999999,384.77299999999997
2017-10-01,-382.249,784.6569999999999,476.50600000000003,-851.7610000000001,-659.5790000000001,967.774,-1018.624,-748.044,383.603
2017-10-02,-384.37300000000005,784.1859999999999,472.953,-853.2879999999999,-659.527,959.436,-1019.0629999999999,-749.933,377.35999999999996
2017-10-03,-384.504,785.3220000000001,473.60200000000003,-851.183,-660.0520000000001,960.1540000000001,-1019.9659999999999,-748.084,379.55400000000003
2017-10-04,-384.246,784.016,470.15500000000003,-850.8209999999999,-665.328,959.591,-1020.111,-748.77,376.197
2017-10-05,-385.146,784.6149999999999,469.18000000000006,-852.9700000000001,-660.6569999999999,960.724,-1019.941,-749.894,378.61300000000006
2017-10-06,-384.11400000000003,784.163,470.72299999999996,-851.868,-661.211,968.032,-1019.231,-748.6460000000001,378.906
2017-10-07,-384.772,784.378,474.40500000000003,-852.1639999999999,-663.752,963.8389999999999,-1018.881,-748.9140000000001,383.682
2017-10-08,-385.498,785.914,471.00699999999995,-850.8620000000001,-660.083,962.8959999999998,-1020.4629999999999,-747.746,380.286
2017-10-09,-383.762,784.475,471.024,-852.4889999999999,-660.674,959.2819999999999,-1019.5379999999998,-748.5319999999999,380.52
2017-10-10,-381.709,786.845,476.608,-848.405,-661.926,963.427,-1018.602,-745.3960000000001,383.201
2017-10-11,-382.964,785.652,469.956,-850.749,-662.0899999999999,962.809,-1018.7629999999999,-747.368,378.882
2017-10-12,-382.988,784.63,469.06499999999994,-849.6969999999999,-660.288,956.7950000000001,-1019.0999999999999,-747.742,378.35
2017-10-13,-382.59099999999995,785.9580000000001,470.528,-849.0889999999999,-661.047,968.932,-1018.356,-745.4069999999999,379.379
2017-10-14,-382.064,785.8810000000001,471.98999999999995,-850.1209999999999,-659.728,957.883,-1018.3209999999998,-748.0640000000001,381.235
2017-10-15,-383.137,784.983,471.49600000000004,-851.268,-660.4060000000001,960.869,-1018.3120000000001,-748.491,385.542
2017-10-16,-383.352,784.562,465.38500000000005,-851.8969999999999,-659.4830000000001,956.6750000000001,-1018.5040000000001,-749.869,379.026
2017-10-17,-384.07099999999997,785.387,470.786,-851.776,-658.629,956.6750000000001,-1020.181,-749.015,380.68
2017-10-18,-383.82300000000004,784.5020000000001,471.09499999999997,-851.826,-658.938,958.1379999999999,-1018.8589999999999,-748.506,377.76599999999996
2017-10-19,-384.916,784.963,473.25100000000003,-852.3729999999999,-658.9580000000001,955.926,-1021.7700000000001,-749.5509999999999,383.806
2017-10-20,-384.67199999999997,785.03,470.08,-850.51,-660.528,958.6020000000001,-1020.3249999999999,-748.352,378.212
2017-10-21,-384.257,783.8770000000001,468.48999999999995,-851.814,-660.1179999999999,957.1709999999999,-1019.349,-749.098,376.32
2017-10-22,-387.493,786.52,472.34799999999996,-852.384,-658.5409999999999,959.4469999999999,-1023.5479999999999,-748.419,376.913
2017-10-23,-383.46799999999996,785.1,467.041,-851.2719999999999,-661.726,956.8969999999999,-1019.0870000000001,-747.6899999999999,375.527
2017-10-24,-382.451,784.799,468.605,-850.494,-661.849,954.526,-1018.6469999999998,-747.6610000000001,374.61
2017-10-25,-381.09,784.1,471.413,-851.086,-661.693,958.25,-1017.582,-748.733,381.96599999999995
2017-10-26,-382.39,783.8960000000001,475.45699999999994,-851.1610000000001,-662.181,960.6809999999999,-1016.8790000000001,-748.8020000000001,388.98
2017-10-27,-382.71,784.914,476.53599999999994,-851.102,-661.522,960.254,-1018.629,-748.463,386.51
2017-10-28,-382.98199999999997,785.582,476.8229999999999,-850.982,-661.207,960.594,-1018.905,-747.344,386.213
2017-10-29,-382.42900000000003,785.609,473.93,-851.059,-659.645,960.8370000000001,-1018.537,-747.491,383.115
2017-10-30,-384.424,785.716,478.483,-853.1350000000001,-659.21,960.009,-1020.4540000000002,-748.1800000000001,384.739
2017-10-31,-383.127,784.2750000000001,478.516,-852.982,-662.496,960.8620000000001,-1019.3889999999999,-747.912,389.77099999999996
2017-11-01,-384.779,784.655,472.58199999999994,-852.4079999999999,-660.976,961.064,-1020.1280000000002,-748.25,382.943
2017-11-02,-386.12199999999996,784.364,469.71599999999995,-852.9770000000001,-661.0899999999999,960.017,-1018.491,-749.3539999999999,385.28200000000004
2017-11-03,-383.971,785.875,469.55600000000004,-850.826,-659.221,958.831,-1019.733,-746.888,377.0
2017-11-04,-383.049,785.519,476.051,-851.4709999999999,-661.37,962.5870000000001,-1019.8510000000001,-745.485,377.523
2017-11-05,-384.222,784.3560000000001,477.01800000000003,-853.6629999999999,-659.955,962.426,-1021.722,-747.734,382.25399999999996
2017-11-06,-382.40200000000004,785.3489999999999,477.13199999999995,-850.881,-661.449,963.3209999999999,-1018.6809999999999,-747.375,382.71700000000004
2017-11-07,-384.12600000000003,784.7420000000001,476.13100000000003,-852.456,-659.447,968.7459999999999,-1017.0870000000001,-749.038,382.596
2017-11-08,-380.20300000000003,784.389,475.471,-850.542,-660.723,964.616,-1016.5770000000001,-747.803,380.089
2017-11-09,-381.393,785.211,471.45500000000004,-849.969,-660.384,965.9770000000001,-1018.8889999999999,-749.0,386.092
2017-11-10,-378.728,786.3140000000001,473.18699999999995,-847.9530000000001,-662.606,968.5469999999999,-1015.838,-747.442,382.567
2017-11-11,-381.596,786.0520000000001,472.541,-849.2700000000001,-659.574,964.756,-1018.684,-747.6460000000001,382.141
2017-11-12,-383.824,784.8770000000001,472.43800000000005,-852.109,-658.8109999999999,964.5010000000001,-1019.7579999999999,-749.0100000000001,384.11699999999996
2017-11-13,-383.25100000000003,786.586,476.45,-850.6080000000001,-659.135,966.7059999999999,-1020.2790000000001,-745.835,383.615
2017-11-14,-382.414,783.9189999999999,476.37299999999993,-852.3709999999999,-660.999,964.2969999999999,-1019.219,-748.239,382.318
2017-11-15,-381.58200000000005,783.572,474.407,-851.938,-662.1100000000001,959.9879999999999,-1017.9530000000001,-747.448,379.738
2017-11-16,-382.62399999999997,783.4409999999999,474.75500000000005,-853.562,-662.2090000000001,959.291,-1018.081,-748.41,383.552
2017-11-17,-382.552,783.667,471.117,-852.958,-661.221,960.0079999999999,-1017.9340000000001,-749.8679999999999,381.386
2017-11-18,-382.853,784.777,471.834,-851.4399999999999,-661.5029999999999,962.6370000000001,-1018.7040000000001,-747.985,383.337
2017-11-19,-382.216,786.0350000000001,472.495,-850.4379999999999,-660.673,963.052,-1018.791,-746.396,379.57199999999995
2017-11-20,-381.9052480367535,785.936083880226,472.0846531734773,-850.383,-660.616,960.042,-1018.3500000000001,-746.9010000000001,378.96999999999997
2017-11-21,-382.89020206304826,785.6645896255264,473.01962606293597,-850.785,-661.1709999999999,964.886,-1018.9010000000001,-747.765,380.668
2017-11-22,-382.93199198435474,785.7443311201444,476.08187179701156,-851.494,-659.738,970.584,-1019.52,-747.257,385.643
2017-11-23,-382.29871180240616,784.9169350598506,476.7370126808662,-852.664,-661.181,969.7209999999999,-1017.064,-748.9200000000001,386.726
2017-11-24,-381.52483990941084,786.0045595167264,476.828546846984,-849.707,-662.237,972.392,-1018.756,-746.909,386.77099999999996
2017-11-25,-382.8960486485485,785.0324037549908,472.3432826050011,-851.32,-659.624,963.4739999999999,-1018.791,-748.1260000000001,384.748
2017-11-26,-383.0378953052946,785.1606922807033,472.7265772859281,-851.479,-659.1270000000001,958.5290000000001,-1018.7299999999999,-748.192,383.018
2017-11-27,-381.84164324789464,785.9184728125316,474.9896042857667,-850.1549999999999,-662.405,960.601,-1017.0989999999999,-747.3109999999999,381.462
2017-11-28,-383.0414916069118,785.5379562668628,469.2309218071628,-850.9590000000001,-660.867,955.1200000000001,-1016.7139999999999,-747.4739999999999,379.799
2017-11-29,-384.01206406024187,784.7793939635689,466.78249082729656,-852.384,-659.934,954.082,-1017.6080000000001,-749.4069999999999,380.107
2017-11-30,-383.04975004505036,785.0307353245721,471.7896172196323,-853.134,-661.9229999999999,962.992,-1017.4870000000001,-748.359,385.269
2017-12-01,-381.46226748130385,786.3389666834986,475.3031479118484,-850.29,-661.85,961.528,-1016.6790000000001,-746.56,384.74899999999997
2017-12-02,-381.9886353838198,786.0501145198691,473.8756282289777,-849.77,-660.6750000000001,953.894,-1015.952,-747.4499999999999,382.85999999999996
2017-12-03,-382.50151191234494,784.565956696363,475.2070223853594,-852.64,-659.0729999999999,960.701,-1018.043,-748.359,385.95
2017-12-04,-382.0908479534096,782.9971165340916,472.5287788810289,-851.938,-661.926,959.018,-1015.59,-748.511,379.279
2017-12-05,-384.65496729427366,784.7227067735417,474.1816397272575,-852.183,-659.411,964.349,-1020.208,-749.21,382.31100000000004
2017-12-06,-383.91969038175023,785.2440316931633,475.15822753699405,-851.159,-659.7669999999999,962.6940000000001,-1019.6780000000001,-747.401,383.942
2017-12-07,-383.5134482999207,785.9189647847082,473.9326052004513,-850.3149999999999,-661.23,960.4979999999999,-1019.2270000000001,-746.313,384.464
2017-12-08,-384.95690314912184,786.0499533757977,477.0833320134982,-852.0200000000001,-658.6039999999999,960.7979999999999,-1020.9190000000001,-748.554,388.449
2017-12-09,-384.4666722271781,785.8957392174503,473.6385781217416,-850.801,-660.525,959.6299999999999,-1020.721,-746.931,388.981
2017-12-10,-383.46085776960746,786.764361763556,472.9958429138589,-849.827,-660.18,959.052,-1020.9139999999999,-746.4680000000001,385.46999999999997
2017-12-11,-384.411115640232,784.6207521532392,470.6869351049332,-852.6940000000001,-659.562,959.0290000000001,-1019.4459999999998,-747.4649999999999,379.698
2017-12-12,-384.5632293591647,786.898504715664,469.9935655270976,-850.2959999999999,-658.207,955.0340000000001,-1023.4929999999999,-746.129,378.42900000000003
2017-12-13,-381.8295215673767,786.6328568929852,472.9452084492857,-848.7020000000001,-661.895,955.584,-1019.3159999999999,-745.446,382.29
2017-12-14,-383.9616390559673,785.5818736822785,466.93490135724096,-851.424,-658.938,951.6690000000001,-1022.4659999999999,-746.649,379.701
2017-12-15,-385.13358837425983,785.5617461068592,469.1770876623447,-852.0790000000002,-659.3829999999999,955.7110000000001,-1023.048,-747.182,381.517
2017-12-16,-384.8659618763908,785.7197414035898,467.1740372464018,-851.8950000000001,-660.629,954.2639999999999,-1021.7510000000001,-747.001,382.533
2017-12-17,-383.11595575206184,783.7127819527781,471.89075656537517,-852.6329999999999,-660.0729999999999,961.8370000000001,-1017.8510000000001,-749.61,382.963
2017-12-18,-383.78116514879076,784.9147667827683,467.3515407347443,-851.943,-659.791,955.0790000000002,-1019.1270000000001,-748.639,378.397
2017-12-19,-383.61000145570307,785.5863344620534,467.9818768609869,-849.555,-658.288,948.396,-1020.124,-746.8430000000001,382.68
2017-12-20,-386.52873015670036,784.7055585912884,468.73714262462596,-853.868,-658.677,955.6629999999999,-1021.066,-749.723,380.023
2017-12-21,-385.5643033804369,785.1486184338526,468.2751328477639,-853.268,-658.1120000000001,955.2209999999999,-1021.0969999999999,-748.279,378.53000000000003
2017-12-22,-385.02607932331847,786.2004590240317,468.116818082936,-851.275,-659.85,957.766,-1021.9479999999999,-746.976,381.055
2017-12-23,-383.4287570358329,784.6475238399989,470.00293345428105,-853.025,-661.192,962.1110000000001,-1018.5379999999999,-748.1909999999999,378.396
2017-12-24,-385.3595158663468,784.8907208723078,471.6664686609857,-851.7540000000001,-659.655,962.3249999999999,-1020.642,-746.784,377.61699999999996
2017-12-25,-383.45761131464417,786.3330929755791,471.0978182609226,-851.8530000000001,-659.103,964.142,-1021.722,-746.511,381.046
2017-12-26,-383.91039125337795,784.9495797807278,467.4952205241533,-851.485,-658.438,954.26,-1018.3299999999999,-748.423,378.433
2017-12-27,-385.4058081648146,785.29882707448,466.80471564690777,-851.632,-658.4100000000001,958.8700000000001,-1020.4819999999999,-748.966,379.04699999999997
2017-12-28,-385.4909545505266,784.3696348108205,470.1926718285461,-853.1209999999999,-658.7310000000001,957.966,-1021.18,-748.235,379.745
2017-12-29,-385.11018373682407,785.5974238701891,469.96938477521513,-852.8520000000001,-658.743,964.894,-1020.426,-748.585,378.207
2017-12-30,-385.06484185967815,784.7861235803065,470.7364563000175,-853.1790000000001,-659.8149999999999,959.485,-1019.87,-747.832,380.452
2017-12-31,-383.92577683560245,784.1439838355019,469.59429629073753,-854.0559999999999,-660.296,958.9100000000001,-1020.414,-749.2149999999999,381.209
2018-01-01,-384.3950652451325,784.6834673682345,471.15598486677555,-852.932,-658.8589999999999,962.198,-1020.641,-748.6310000000001,383.81
2018-01-02,-384.854617661387,784.6794923548039,466.69281563125173,-853.061,-659.686,952.4299999999998,-1020.251,-748.128,377.11999999999995
2018-01-03,-385.2951166385343,785.6992973083535,469.64892055552986,-852.664,-659.509,956.757,-1021.206,-748.111,378.77
2018-01-04,-384.2047746220626,785.1692673496877,471.11835766924656,-852.757,-659.576,959.367,-1020.1530000000001,-746.993,380.771
2018-01-05,-384.21838360090015,784.4584627954445,469.3557658222897,-853.943,-659.788,958.468,-1019.7969999999998,-749.1750000000001,380.156
2018-01-06,-385.38507277993074,783.9839032170261,470.08863048012114,-853.534,-660.119,960.031,-1020.065,-748.367,379.216
2018-01-07,-383.5894493299969,784.221796733365,474.5524351132136,-853.209,-661.2810000000001,964.0770000000001,-1019.909,-748.1419999999999,381.262
2018-01-08,-385.24074652572926,784.4783443783806,470.24335535700516,-852.657,-661.138,958.889,-1020.3539999999999,-748.339,383.981
2018-01-09,-384.45453186763183,785.1043072887995,469.2957598549896,-852.425,-659.72,954.0690000000001,-1020.524,-747.7199999999999,378.47700000000003
2018-01-10,-382.7589906252516,785.9423220260545,472.51143442991446,-850.807,-661.4839999999999,959.8180000000001,-1019.8639999999999,-745.634,378.849
2018-01-11,-385.1400034498878,786.827870593485,470.7156796893445,-852.021,-659.614,960.851,-1021.104,-746.197,380.411
2018-01-12,-384.0982015494731,784.9024438438613,474.48014484890683,-852.664,-661.364,959.3520000000001,-1019.564,-747.583,386.16999999999996
2018-01-13,-383.8222913021265,783.985246932006,474.9851181129529,-854.4430000000001,-660.681,962.3739999999999,-1019.6959999999999,-748.5390000000001,386.116
2018-01-14,-384.65330112581626,784.4125222118516,475.2663068178981,-853.133,-658.922,960.99,-1019.2809999999998,-748.569,390.204
2018-01-15,-383.29704087862626,784.9230599302384,477.0411261445461,-851.8629999999999,-658.6350000000001,965.629,-1020.0530000000001,-747.2979999999999,385.51099999999997
2018-01-16,-384.67035137184087,784.2159214709128,474.28389328753235,-854.4620000000001,-659.4100000000001,966.642,-1020.8270000000001,-748.663,384.58799999999997
2018-01-17,-383.1092896088492,785.4994621745399,474.85175617141823,-849.8690000000001,-660.4979999999999,960.2959999999999,-1018.3200000000002,-745.522,385.61799999999994
2018-01-18,-384.38274611529295,785.2515769589392,472.9702289411712,-851.557,-660.528,965.5540000000001,-1019.112,-746.806,387.171
2018-01-19,-383.62476863101114,785.1332242890138,481.84311538084137,-849.75,-660.686,972.551,-1018.481,-746.165,390.075
2018-01-20,-383.6682209845375,785.216958870318,481.5690997041942,-850.621,-660.975,971.5219999999999,-1018.7349999999999,-746.398,390.783
2018-01-21,-384.7954641617439,785.375170272594,481.57270289055776,-853.6370000000001,-659.1239999999999,968.1790000000001,-1020.491,-748.7520000000001,391.74
2018-01-22,-385.5006523986628,784.5243272254139,471.8752242129292,-852.6819999999999,-660.1179999999999,958.773,-1019.6479999999999,-749.866,386.154
2018-01-23,-384.0752279858279,785.2976767164462,470.1428422657254,-851.727,-659.814,952.274,-1021.318,-749.2489999999999,386.37100000000004
2018-01-24,-382.5838514507122,786.0236856214134,475.5460952142213,-850.5010000000001,-661.858,960.424,-1019.6670000000001,-746.234,381.819
2018-01-25,-385.10924560915834,785.8039413580127,470.9517452123804,-852.134,-660.3299999999999,957.151,-1021.4969999999998,-747.684,380.473
2018-01-26,-384.21697360713193,785.1546513500548,473.47039067423316,-851.9830000000001,-661.215,961.9989999999999,-1020.0899999999999,-747.402,383.065
2018-01-27,-384.90692486941356,785.5505901894345,470.54823731504376,-852.1200000000001,-659.945,957.509,-1020.5540000000002,-746.687,378.71
2018-01-28,-382.83201003599686,784.6490401999558,471.5353362241717,-852.8899999999999,-660.6370000000001,957.1990000000001,-1018.294,-747.9979999999999,381.498
2018-01-29,-382.38940355130273,786.1981863521381,473.7653438708012,-850.275,-659.368,956.9590000000001,-1018.411,-746.196,382.248
2018-01-30,-383.7992534075719,787.7770309549716,476.52800094881417,-849.7379999999998,-659.078,963.693,-1020.81,-745.398,384.709
2018-01-31,-382.6385142216995,786.5418357799132,475.54938790284086,-849.25,-660.8530000000001,960.665,-1019.2529999999999,-744.585,381.164
2018-02-01,-384.9164524235375,787.4931987147501,470.1773865952675,-848.5200000000001,-658.342,950.551,-1019.2860000000002,-746.681,379.67
2018-02-02,-383.31837406435136,785.8921881405167,471.6062752078612,-849.749,-660.115,953.117,-1019.1629999999998,-746.817,384.667
2018-02-03,-383.08182983275145,786.2845102317161,475.21402350505633,-850.4870000000001,-659.354,960.007,-1020.832,-745.795,385.91900000000004
2018-02-04,-385.42840592405395,785.3526296178553,471.71655447116007,-852.884,-659.215,958.231,-1021.593,-748.422,378.92600000000004
2018-02-05,-385.1639771799263,786.8059194099195,467.956077008322,-850.5500000000001,-661.277,958.817,-1021.082,-747.1320000000001,376.65900000000005
2018-02-06,-384.25713253116396,785.8309512693555,474.6531596548321,-849.9760000000001,-659.681,956.9069999999999,-1021.0190000000001,-748.275,384.96999999999997
2018-02-07,-384.1184270673992,785.8228837003591,474.1711911364426,-851.317,-659.519,960.1110000000001,-1020.5549999999998,-747.889,383.462
2018-02-08,-383.04881311561644,787.4686159137553,478.4045262332877,-852.509,-658.837,967.7979999999999,-1021.496,-747.63,387.827
2018-02-09,-382.2102743437416,786.3540538069165,479.272971978356,-848.9680000000001,-659.1700000000001,963.292,-1019.4530000000002,-745.154,388.791
2018-02-10,-383.64205019988316,785.7404634152806,480.9590512640259,-848.884,-660.456,964.5729999999999,-1018.7360000000001,-745.316,391.797
2018-02-11,-382.9092012568269,786.481439765301,479.03618948859634,-850.2059999999999,-660.5999999999999,965.592,-1019.883,-745.464,387.33
2018-02-12,-382.50071104003274,786.2703234084477,479.1805932412341,-850.0540000000001,-660.8340000000001,962.348,-1019.336,-746.027,388.84000000000003
2018-02-13,-384.7059938904575,786.1680739759669,479.6662794377396,-850.403,-658.4949999999999,964.219,-1022.162,-746.659,393.293
2018-02-14,-383.5613889118817,785.9072412221719,476.0747420050752,-849.0040000000001,-658.9350000000001,961.9709999999999,-1020.233,-745.9780000000001,386.91999999999996
2018-02-15,-384.27489435622755,787.531618490792,476.2895939178086,-849.8959999999998,-658.575,964.5559999999999,-1021.3820000000001,-745.865,386.07199999999995
2018-02-16,-384.34861277734217,786.6738645950594,474.9147027329868,-850.9530000000001,-658.6880000000001,963.3249999999999,-1021.004,-745.8249999999999,382.876
2018-02-17,-385.451219238291,786.3314381173595,473.62597324530117,-850.168,-657.361,957.1930000000001,-1021.188,-746.978,384.54499999999996
2018-02-18,-383.1815435409399,787.5287412951631,472.8881806447698,-848.255,-659.8470000000001,954.218,-1018.81,-745.3760000000001,382.991
2018-02-19,-383.3689217741332,786.8618793938042,473.2484470586318,-848.756,-659.5020000000001,960.7020000000001,-1020.1149999999999,-745.665,384.295
2018-02-20,-383.5193179749754,787.9011363935933,472.7522485340185,-848.024,-659.369,961.485,-1020.3440000000002,-743.555,384.26
2018-02-21,-383.9609479946399,786.1223288992666,473.49642216601205,-849.9700000000001,-657.4720000000001,956.9649999999999,-1020.0290000000001,-746.764,382.226
2018-02-22,-384.6024848635605,785.6822793320321,474.430955281992,-850.4549999999999,-659.617,958.88,-1020.284,-746.421,380.474
2018-02-23,-384.9762355304924,785.7529003107333,472.1474890523536,-851.9839999999999,-657.5699999999999,960.467,-1019.3209999999999,-747.687,379.349
2018-02-24,-382.56197563594344,786.3522553649047,478.2674400465023,-851.5409999999999,-658.654,965.878,-1020.008,-748.344,384.963
2018-02-25,-383.672473028407,785.7914113709162,474.945233520318,-852.1959999999999,-658.862,965.0549999999998,-1019.32,-748.1270000000001,388.218
2018-02-26,-383.04256820743683,785.7530705863602,475.7681373222664,-852.456,-660.029,965.3889999999999,-1018.211,-748.073,385.72499999999997
2018-02-27,-384.700256247195,786.7042930660723,475.9842633712094,-851.499,-657.562,964.3520000000001,-1020.4649999999999,-748.004,385.276
2018-02-28,-385.0477918159511,786.769064907486,476.84868854296604,-850.7660000000001,-657.737,964.3799999999999,-1020.6850000000001,-747.078,388.83099999999996
2018-03-01,-385.044444545654,785.1466893231631,477.48925872172646,-854.652,-656.723,969.219,-1020.4719999999999,-750.304,382.967
2018-03-02,-384.2479568275013,785.9392080843515,474.99426692155447,-853.021,-657.7810000000001,964.9559999999999,-1020.737,-748.892,383.344
2018-03-03,-384.5956208537972,786.6109798039378,473.2626422398742,-852.1410000000001,-657.471,962.308,-1021.128,-747.95,378.49899999999997
2018-03-04,-384.34550621853003,787.4837551633192,474.1217812919726,-850.2620000000001,-656.266,961.1790000000001,-1022.535,-747.337,384.431
2018-03-05,-385.1374336946346,786.2991848121062,475.1077516148465,-852.0719999999999,-656.222,963.021,-1020.1819999999999,-748.291,383.775
2018-03-06,-383.9198825732162,787.0855000625559,478.79670612029093,-851.415,-657.734,968.368,-1021.3889999999999,-746.937,386.925
2018-03-07,-384.0175742508721,787.6819708183349,475.3291087042529,-848.96,-657.221,958.771,-1021.0250000000001,-745.34,384.1
2018-03-08,-384.13038479395135,786.019081254202,478.67803763697424,-851.747,-656.6220000000001,968.382,-1020.5540000000002,-748.2560000000001,387.49899999999997
2018-03-09,-384.33267152962515,785.929332879845,476.6194058332012,-851.6799999999998,-659.8729999999999,969.3299999999999,-1020.1899999999999,-748.366,385.99
2018-03-10,-382.9245889639476,785.8007667727359,476.67090878262366,-852.614,-659.2710000000001,965.6540000000001,-1018.891,-748.152,386.788
2018-03-11,-383.36536391085247,785.0484517531677,477.22587935491987,-852.5169999999999,-659.449,964.1350000000001,-1018.9270000000001,-748.698,386.81300000000005
2018-03-12,-382.6820592393183,784.8948864634478,477.87703833587227,-851.729,-660.391,970.0,-1019.2099999999999,-748.857,384.304
2018-03-13,-382.67679213630316,784.2402508770125,478.15577304945054,-852.151,-662.409,963.323,-1017.593,-747.15,384.17699999999996
2018-03-14,-382.4691809325032,786.2083234628926,480.3946369597306,-850.893,-662.8770000000001,969.652,-1019.115,-745.1439999999999,389.382
2018-03-15,-383.4512411736208,786.5766742856554,475.6102264852354,-850.3389999999999,-659.0699999999999,961.767,-1019.1600000000001,-747.224,380.556
2018-03-16,-381.5505828366633,786.301615424739,479.12265784889996,-850.436,-659.88,970.4799999999999,-1018.7610000000001,-747.8130000000001,385.32300000000004
2018-03-17,-382.8332594126218,786.5067790830535,479.94976601531386,-851.384,-659.423,973.923,-1019.1479999999999,-746.9010000000001,390.82
2018-03-18,-383.44100388836216,784.756027741978,480.05640571521616,-852.841,-658.9639999999999,968.9100000000001,-1019.069,-750.511,390.387
2018-03-19,-382.47077416097966,785.4689192165932,485.30479285291193,-851.424,-659.183,967.774,-1018.572,-749.5649999999999,392.59499999999997
2018-03-20,-382.230441494068,785.6754474131296,478.9945549986072,-850.909,-660.612,969.1489999999999,-1018.622,-747.893,389.228
2018-03-21,-383.93808989028923,786.6144255428358,477.66532708224986,-849.548,-659.5649999999999,969.822,-1020.7299999999999,-746.421,389.79200000000003
2018-03-22,-384.2211732410867,785.7076437999392,476.65108058644904,-853.4290000000001,-658.3,966.6450000000001,-1020.248,-749.7739999999999,382.28299999999996
2018-03-23,-384.75077933419044,785.3363732958767,476.8476391069945,-852.555,-660.4649999999999,963.7139999999999,-1021.2959999999999,-749.0,387.171
2018-03-24,-384.30767956394857,784.8886592505712,474.9311074553723,-851.777,-659.59,964.8919999999999,-1021.147,-748.027,380.166
2018-03-25,-384.4360218832549,786.7981120326988,471.0383125525226,-851.835,-660.072,961.7339999999999,-1020.3500000000001,-747.9630000000001,379.09499999999997
2018-03-26,-382.3787452418072,785.2066279943004,477.2811760436002,-851.937,-660.5360000000001,962.1709999999999,-1019.107,-747.15,382.097
2018-03-27,-384.247538483472,787.0143610388766,471.0640664398613,-852.124,-659.6880000000001,959.526,-1019.83,-748.553,377.591
2018-03-28,-383.9396844972618,787.7847634084832,474.83577587903443,-850.357,-659.9300000000001,952.1440000000001,-1020.1739999999999,-746.283,382.079
2018-03-29,-383.54883125277684,787.509798373371,475.0895842974332,-849.0120000000001,-660.501,953.05,-1020.3850000000001,-746.1260000000001,381.441
2018-03-30,-384.2836052578187,785.5834282022936,473.8383203546669,-852.341,-661.0729999999999,953.893,-1019.9850000000001,-750.5310000000001,381.936
2018-03-31,-383.60052796386117,785.5437359491925,473.83163446672955,-850.932,-659.973,956.317,-1020.4979999999999,-748.6500000000001,380.354
2018-04-01,-383.9203438147489,786.8706289519788,474.10891475241965,-850.234,-661.23,950.969,-1018.532,-748.903,382.00100000000003
2018-04-02,-383.342146809695,785.9388911267545,474.9701213698376,-852.5790000000001,-660.8850000000001,956.5129999999999,-1018.894,-748.1439999999999,383.75100000000003
2018-04-03,-384.07935145073645,785.4787473023496,473.25257764855036,-851.5709999999999,-660.169,955.3790000000001,-1018.883,-749.303,383.65500000000003
2018-04-04,-383.6741914137939,786.0597552877673,475.16682524744874,-851.899,-658.729,954.894,-1019.9340000000001,-748.9060000000001,384.518
2018-04-05,-384.4833570590667,785.430388280381,473.0771201303132,-852.669,-657.379,954.656,-1020.233,-750.845,382.533
2018-04-06,-383.7075109864235,786.0429140686082,475.2319955294173,-851.9870000000001,-659.0699999999999,956.848,-1019.479,-748.938,385.817
2018-04-07,-386.19980531337836,785.678219617008,477.5074220241034,-853.1419999999999,-656.677,957.9049999999999,-1021.6899999999999,-750.556,386.567
2018-04-08,-383.64770360466485,786.2027136556173,475.0911771608079,-851.457,-659.419,956.0719999999999,-1019.5940000000002,-748.272,386.69000000000005
2018-04-09,-385.38638245444133,786.022258173477,480.16481112360685,-850.9129999999999,-657.4989999999999,957.7690000000001,-1022.314,-747.6819999999999,388.076
2018-04-10,-383.8435599636,786.6462900614092,476.6116253652521,-850.3649999999999,-659.725,958.835,-1019.8739999999999,-747.486,388.795
2018-04-11,-382.5798890703139,786.2773057808073,477.34024057524493,-850.7399999999999,-660.4359999999999,956.232,-1018.209,-749.114,391.007
2018-04-12,-382.6104239033845,786.3789437164069,479.9975985120667,-849.995,-661.0939999999999,961.6620000000001,-1018.4010000000001,-746.232,390.806
2018-04-13,-383.64883655492366,785.2351000501745,474.8849984294762,-851.756,-659.4939999999999,959.203,-1018.262,-749.2760000000001,383.55400000000003
2018-04-14,-383.66694332646034,786.1372329911561,475.6890885527335,-850.5799999999999,-659.9520000000001,954.449,-1017.471,-748.573,384.858
2018-04-15,-382.7435109748395,786.6873089056159,481.72022473905156,-850.0629999999999,-659.098,957.767,-1020.294,-747.289,389.823
2018-04-16,-384.33898350840735,785.7481846697802,474.7327770318326,-852.7950000000001,-660.659,955.5819999999999,-1019.384,-750.46,387.231
2018-04-17,-382.32370589980496,784.6305142413719,475.9175565731276,-854.4959999999999,-661.4979999999999,961.3649999999999,-1018.6959999999998,-750.764,385.914
2018-04-18,-383.467586599883,786.4578447513949,475.2553340437246,-851.038,-661.0970000000001,956.773,-1018.904,-747.528,387.70799999999997
2018-04-19,-383.09567955065415,788.1688734791421,478.1500544239808,-848.891,-659.5300000000001,952.9549999999999,-1020.491,-745.49,386.664
2018-04-20,-385.92019835647955,784.8367241482271,472.8225937698923,-853.7969999999999,-658.327,952.4,-1021.1290000000001,-750.073,378.461
2018-04-21,-384.408231020639,785.8872818017315,477.62371726002004,-852.6229999999999,-659.8689999999999,959.65,-1020.562,-748.382,387.06199999999995
2018-04-22,-382.1083281332373,786.80732090117,478.5966459990351,-850.459,-659.85,957.349,-1019.4239999999999,-746.777,391.709
2018-04-23,-383.98371308120676,786.946507212802,478.0280564803476,-852.092,-658.686,959.324,-1020.1450000000001,-748.761,387.19399999999996
2018-04-24,-383.2785160569814,786.4298569047238,476.37636240482817,-851.8549999999999,-658.311,958.0229999999999,-1018.99,-748.047,386.54299999999995
2018-04-25,-383.35089997304243,787.3160287678147,481.44741809530575,-851.689,-658.4680000000001,965.31,-1018.297,-747.4830000000001,386.135
2018-04-26,-384.5631269099585,787.023894754215,479.6701762813247,-851.7450000000001,-658.172,965.9639999999999,-1021.9879999999999,-748.559,387.666
2018-04-27,-382.8199700414843,786.7035602413899,477.6615991382947,-851.13,-660.538,966.066,-1018.8780000000002,-746.423,385.47800000000007
2018-04-28,-383.4395568773038,786.3432868352841,483.85869542326395,-850.2940000000001,-659.762,968.793,-1018.861,-747.4,391.438
2018-04-29,-382.74975779456133,785.7471895536544,483.62743832219064,-851.101,-658.7930000000001,967.9190000000001,-1017.8510000000001,-747.8520000000001,391.854
2018-04-30,-384.8507262177172,786.19254361878,481.3941739873164,-852.426,-657.2979999999999,963.001,-1020.7469999999998,-749.479,392.14899999999994
2018-05-01,-384.49460698412184,785.7287453757059,481.36844484403827,-853.325,-658.976,969.064,-1020.0610000000001,-749.229,389.882
2018-05-02,-383.91945868687066,786.966857246418,480.6158233132517,-850.991,-659.827,968.09,-1020.7669999999999,-747.3770000000001,386.441
2018-05-03,-383.39709694901654,786.2046891532676,481.77573646281303,-851.4920000000001,-659.621,969.781,-1019.9830000000001,-748.648,391.538
2018-05-04,-383.98657403284204,785.1087576933677,482.7756507482665,-851.033,-662.2640000000001,965.2860000000001,-1019.5419999999999,-748.022,394.565
2018-05-05,-384.364432299185,785.7633153851539,482.81469148111904,-851.872,-660.4300000000001,964.881,-1020.1469999999999,-749.983,393.945
2018-05-06,-384.4002040502519,784.0210334162058,482.1890963041253,-855.4000000000001,-657.797,970.8149999999999,-1020.602,-751.6709999999999,393.264
2018-05-07,-384.7550257798737,786.308082661662,480.4720597487322,-853.1610000000001,-659.0939999999999,967.644,-1021.2700000000001,-748.987,391.348
2018-05-08,-383.9177138438126,786.701080363497,480.44665808609744,-850.299,-658.975,965.104,-1019.8610000000001,-747.056,386.136
2018-05-09,-382.3486164883943,786.9505138128918,483.0774092841199,-851.3879999999999,-658.976,968.231,-1020.5819999999999,-748.36,388.75100000000003
2018-05-10,-383.18932372930846,785.5179140152844,479.9172041822077,-851.6329999999999,-660.404,972.092,-1020.0340000000001,-747.3499999999999,390.038
2018-05-11,-383.5640656262437,785.289443724872,480.35450994061256,-852.7540000000001,-661.3100000000001,972.436,-1019.131,-749.0319999999999,389.677
2018-05-12,-382.92488379161364,787.5287989583333,480.78939552880007,-850.2930000000001,-659.978,971.7540000000001,-1019.4889999999999,-746.606,390.16999999999996
2018-05-13,-383.53220499157703,785.1201376689185,479.854786411505,-852.834,-660.493,967.3450000000001,-1018.8090000000001,-748.5619999999999,384.061
2018-05-14,-383.7399936372712,785.0379915619009,479.69030316267083,-852.4709999999999,-659.329,966.6080000000001,-1019.709,-750.1869999999999,385.397
2018-05-15,-383.65207921659885,786.9775307075031,483.7016688373605,-852.885,-659.5830000000001,970.662,-1021.625,-748.0329999999999,390.801
2018-05-16,-383.7463844823745,785.7683554486063,480.1295047029428,-851.9959999999999,-660.1890000000001,965.562,-1019.3940000000001,-749.112,388.42199999999997
2018-05-17,-384.37189460392534,786.652583904814,481.91196108889784,-851.992,-659.261,964.533,-1019.8499999999999,-748.085,386.817
2018-05-18,-385.4070300058735,784.2041369498937,478.898017702307,-853.8879999999999,-659.9350000000001,963.424,-1020.7950000000001,-749.513,384.419
2018-05-19,-385.47800000000007,784.3,477.555,-853.9290000000001,-659.493,963.8180000000001,-1020.06,-749.925,384.62399999999997
2018-05-20,-385.57800000000003,785.333,481.94899999999996,-852.9879999999999,-657.856,963.6709999999999,-1021.239,-749.947,390.974
2018-05-21,-384.367,785.766,476.51400000000007,-852.606,-659.0279999999999,957.9270000000001,-1020.203,-748.1260000000001,385.37100000000004
2018-05-22,-386.973,785.444,475.74799999999993,-852.706,-658.5260000000001,962.628,-1022.0910000000001,-749.5619999999999,383.942
2018-05-23,-385.403,786.857,477.054,-851.352,-658.358,962.491,-1021.0549999999998,-748.0790000000001,382.566
2018-05-24,-385.17600000000004,785.552,482.291,-852.267,-658.154,964.572,-1019.841,-748.4430000000001,387.69899999999996
2018-05-25,-385.78200000000004,785.0,483.13199999999995,-852.6100000000001,-657.4029999999999,967.6809999999999,-1020.7649999999999,-750.454,389.76700000000005
2018-05-26,-384.709,787.587,484.996,-850.894,-658.284,964.926,-1019.882,-747.306,386.108
2018-05-27,-384.667,784.929,480.378,-853.3270000000001,-659.0840000000001,964.492,-1019.774,-749.987,387.475
2018-05-28,-384.13000000000005,785.0970000000001,479.27,-851.252,-660.89,967.78,-1019.0270000000002,-748.7020000000001,384.887
2018-05-29,-385.821,783.686,479.77799999999996,-854.656,-659.775,967.4580000000001,-1020.991,-750.7470000000001,389.998
2018-05-30,-385.64,785.597,476.753,-851.557,-660.223,960.8559999999999,-1020.2379999999999,-748.34,383.69899999999996
2018-05-31,-383.43699999999995,782.7689999999999,482.11,-851.592,-661.1120000000001,961.6139999999999,-1019.341,-748.0640000000001,385.298
2018-06-01,-382.911,785.2520000000001,471.408,-851.234,-661.306,961.9,-1018.9870000000001,-748.0939999999999,380.996
2018-06-02,-383.911,786.418,475.196,-850.9200000000001,-660.833,964.8129999999999,-1020.585,-746.759,383.658
2018-06-03,-384.91700000000003,784.655,474.83599999999996,-852.3139999999999,-659.2819999999999,964.799,-1020.826,-748.538,382.313
2018-06-04,-385.364,786.6370000000001,483.026,-851.611,-658.033,960.7049999999999,-1022.3149999999998,-747.277,389.70500000000004
2018-06-05,-386.142,787.875,480.09399999999994,-851.5729999999999,-656.646,965.9559999999999,-1022.0479999999999,-747.6270000000001,390.726
2018-06-06,-384.55100000000004,786.215,479.696,-851.0680000000001,-658.338,966.693,-1020.019,-748.318,389.942
2018-06-07,-384.835,786.079,478.311,-850.3059999999999,-659.183,964.153,-1020.659,-747.353,390.721
2018-06-08,-386.43499999999995,786.4939999999999,473.521,-851.9399999999999,-656.6260000000001,962.8760000000001,-1021.7259999999999,-749.208,386.90599999999995
2018-06-09,-384.818,788.705,476.45500000000004,-850.0649999999999,-658.632,969.355,-1021.5940000000002,-746.62,388.49899999999997
2018-06-10,-383.896,789.462,475.49300000000005,-848.601,-657.1170000000001,966.924,-1021.7819999999999,-745.0909999999999,386.923
2018-06-11,-384.745,789.991,474.721,-848.0549999999998,-657.25,964.3729999999999,-1022.1930000000001,-745.288,385.58000000000004
2018-06-12,-385.28299999999996,787.268,477.545,-851.274,-658.14,962.156,-1021.1669999999999,-746.77,388.027
2018-06-13,-384.73600000000005,786.5479999999999,477.58,-851.167,-659.741,961.8,-1021.2709999999998,-747.544,388.99899999999997
2018-06-14,-386.995,788.714,478.166,-851.14,-658.674,962.851,-1022.5709999999999,-747.1899999999999,387.50600000000003
2018-06-15,-385.534,786.152,475.86999999999995,-851.7629999999999,-660.194,958.779,-1022.6629999999999,-748.174,381.781
2018-06-16,-384.243,785.416,473.80600000000004,-852.015,-661.194,955.469,-1021.531,-748.0790000000001,378.99
2018-06-17,-385.381,786.129,474.37399999999997,-851.398,-659.771,959.9459999999999,-1023.7799999999999,-747.478,382.695
2018-06-18,-387.316,785.968,476.312,-853.459,-658.3520000000001,962.5559999999999,-1022.999,-749.2189999999999,383.099
2018-06-19,-385.538,785.88,478.343,-852.2370000000001,-659.501,962.254,-1020.8270000000001,-749.0949999999999,386.72499999999997
2018-06-20,-385.851,787.174,474.1689999999999,-851.805,-659.056,960.699,-1022.8889999999999,-747.664,388.849
2018-06-21,-385.2,786.165,479.012,-853.309,-659.4689999999999,960.308,-1022.356,-747.795,384.653
2018-06-22,-385.865,785.331,472.84499999999997,-854.064,-658.1060000000001,954.162,-1022.1360000000002,-749.047,381.194
2018-06-23,-383.729,785.049,476.11899999999997,-852.65,-660.301,959.758,-1019.882,-747.7040000000001,382.441
2018-06-24,-384.693,785.0859999999999,477.99399999999997,-853.2139999999999,-659.673,959.1850000000001,-1020.905,-746.459,384.33
2018-06-25,-384.56399999999996,785.906,476.03999999999996,-852.9209999999999,-657.4140000000001,958.9110000000001,-1022.521,-747.208,384.932
2018-06-26,-385.58500000000004,786.3439999999999,474.771,-852.8110000000001,-657.84,963.3520000000001,-1022.618,-749.77,385.253
2018-06-27,-387.393,786.6619999999999,475.526,-853.7379999999998,-655.972,961.482,-1023.2950000000001,-749.0319999999999,384.327
2018-06-28,-388.232,785.3919999999999,473.413,-853.6030000000001,-657.197,958.243,-1023.4270000000001,-750.3140000000001,384.981
2018-06-29,-388.31300000000005,786.9789999999999,476.00399999999996,-851.6179999999999,-657.788,962.364,-1023.306,-748.39,387.433
2018-06-30,-384.498,785.369,472.638,-852.1469999999999,-658.857,962.6540000000001,-1021.312,-747.8439999999999,380.211
2018-07-01,-384.48199999999997,784.6270000000001,477.89300000000003,-853.4540000000001,-658.329,963.827,-1021.1669999999999,-749.251,388.37699999999995
2018-07-02,-382.08500000000004,786.6260000000001,480.36999999999995,-850.1639999999999,-659.1700000000001,960.247,-1019.663,-747.131,386.775
2018-07-03,-383.34299999999996,786.5340000000001,481.1,-850.872,-656.5260000000001,956.814,-1020.29,-748.4499999999999,388.29
2018-07-04,-383.687,786.011,480.03900000000004,-851.7819999999999,-656.823,962.491,-1020.626,-748.991,391.99
2018-07-05,-383.365,785.845,484.64,-850.932,-659.1600000000001,962.9549999999999,-1019.83,-748.2429999999999,390.594
2018-07-06,-383.876,786.1709999999999,488.31499999999994,-850.531,-658.559,968.5239999999999,-1020.781,-747.6890000000001,396.181
2018-07-07,-384.79,786.9939999999999,486.907,-851.5030000000002,-656.455,964.457,-1022.0790000000002,-747.826,392.945
2018-07-08,-384.75399999999996,785.778,483.875,-851.966,-656.449,965.305,-1021.7319999999999,-749.6089999999999,395.2
2018-07-09,-385.493,784.473,482.07700000000006,-852.6530000000001,-657.7579999999999,968.6020000000001,-1021.1540000000001,-749.74,392.55500000000006
2018-07-10,-384.753,783.2979999999999,486.26099999999997,-852.9190000000001,-657.636,969.291,-1020.1899999999999,-750.031,392.656
2018-07-11,-385.125,785.317,485.637,-852.448,-657.479,975.668,-1020.8139999999999,-749.051,392.134
2018-07-12,-384.875,784.147,484.00100000000003,-853.548,-656.154,973.3950000000001,-1020.0280000000001,-750.817,389.431
2018-07-13,-382.513,784.667,488.037,-852.85,-658.434,966.667,-1019.1299999999999,-749.679,393.66100000000006
2018-07-14,-383.803,785.279,487.27600000000007,-851.607,-658.018,966.0290000000001,-1019.4290000000001,-749.555,392.459
2018-07-15,-384.33,785.7950000000001,475.195,-850.6709999999999,-658.835,964.404,-1019.582,-748.8209999999999,389.06
2018-07-16,-383.866,785.198,482.825,-851.1750000000001,-658.267,962.301,-1020.5679999999999,-748.309,388.415
2018-07-17,-383.134,784.66,480.1859999999999,-851.269,-659.5640000000001,960.6379999999999,-1020.043,-749.169,388.464
2018-07-18,-383.256,786.709,479.465,-850.14,-658.734,966.505,-1019.728,-747.0479999999999,387.647
2018-07-19,-384.279,785.868,482.247,-850.165,-658.957,966.096,-1021.3780000000002,-747.869,392.56399999999996
2018-07-20,-386.05100000000004,786.493,483.58199999999994,-850.875,-658.674,967.6629999999999,-1021.46,-747.727,386.23600000000005
2018-07-21,-384.70300000000003,786.7529999999999,482.68,-852.995,-658.8430000000001,966.974,-1021.101,-749.199,387.59
2018-07-22,-385.742,782.868,489.62,-851.266,-658.7460000000001,965.174,-1020.289,-748.051,387.37
2018-07-23,-385.32,783.381,479.34499999999997,-854.4000000000001,-658.7729999999999,963.551,-1020.0850000000002,-750.6689999999999,384.96999999999997
2018-07-24,-382.69899999999996,783.1329999999999,482.559,-852.3149999999999,-660.667,967.758,-1020.106,-749.288,393.58500000000004
2018-07-25,-385.77299999999997,785.197,477.073,-853.402,-660.725,960.382,-1021.3570000000001,-750.632,392.704
2018-07-26,-385.87100000000004,784.4780000000001,478.03000000000003,-853.3100000000001,-658.945,957.981,-1021.6120000000002,-750.278,397.386
2018-07-27,-383.153,784.569,476.67600000000004,-851.6440000000001,-659.938,956.5229999999999,-1022.757,-747.9449999999999,376.262
2018-07-28,-383.84200000000004,785.2170000000001,476.77200000000005,-851.875,-660.0699999999999,957.167,-1020.9139999999999,-746.266,380.652
2018-07-29,-383.798,784.114,480.459,-851.621,-661.0189999999999,960.139,-1020.3530000000001,-747.612,381.998
2018-07-30,-383.988,785.876,481.601,-851.0200000000001,-660.254,960.9049999999999,-1021.223,-747.553,382.459
2018-07-31,-386.853,783.824,478.103,-854.348,-657.981,958.1729999999999,-1022.648,-749.076,377.906
2018-08-01,-385.513,783.3319999999999,479.992,-854.798,-659.75,961.412,-1021.508,-749.644,382.461
2018-08-02,-384.70500000000004,784.304,477.695,-852.5120000000001,-659.751,960.0780000000001,-1019.3709999999998,-748.3420000000001,381.795
2018-08-03,-386.33299999999997,784.2379999999999,477.51400000000007,-853.539,-658.6659999999999,958.664,-1021.8180000000001,-750.188,382.432
2018-08-04,-384.271,785.069,476.37600000000003,-851.641,-660.0020000000001,961.568,-1020.5070000000001,-748.162,381.47600000000006
2018-08-05,-385.561,786.671,475.433,-851.2370000000001,-657.8739999999999,961.9790000000002,-1021.483,-746.63,384.67600000000004
2018-08-06,-386.634,788.152,474.655,-850.609,-655.303,961.8399999999999,-1024.9170000000001,-747.015,384.334
2018-08-07,-384.239,783.366,477.46400000000006,-853.8249999999999,-660.343,962.6389999999999,-1020.9440000000001,-749.309,383.274
2018-08-08,-384.32899999999995,784.381,472.956,-852.283,-661.5999999999999,958.1639999999999,-1020.492,-748.196,380.406
2018-08-09,-384.629,786.5649999999999,470.7149999999999,-851.4950000000001,-660.269,957.824,-1022.5679999999999,-747.3729999999999,385.1
2018-08-10,-386.214,784.875,473.047,-853.669,-660.3760000000001,961.32,-1023.306,-748.8600000000001,382.29400000000004
2018-08-11,-385.143,785.0699999999999,474.33400000000006,-852.7459999999999,-660.527,959.2219999999999,-1020.054,-746.4549999999999,376.432
2018-08-12,-385.127,784.163,472.339,-852.8639999999999,-659.9300000000001,961.975,-1020.8919999999999,-748.881,378.57399999999996
2018-08-13,-385.187,783.489,471.574,-853.626,-660.1060000000001,959.949,-1019.9469999999999,-749.428,377.542
2018-08-14,-383.718,785.6310000000001,476.71999999999997,-851.9549999999999,-661.8530000000001,961.894,-1018.449,-746.585,380.58000000000004
2018-08-15,-385.219,785.828,474.00399999999996,-852.2850000000001,-660.4069999999999,957.21,-1021.404,-747.943,382.029
2018-08-16,-384.083,786.088,473.58500000000004,-851.511,-660.58,958.2040000000001,-1020.8760000000001,-746.575,383.604
2018-08-17,-383.51,785.417,473.588,-853.8209999999999,-660.358,960.122,-1018.8660000000001,-747.732,383.092
2018-08-18,-385.29400000000004,785.183,475.99399999999997,-853.208,-660.145,961.879,-1021.176,-748.6239999999999,391.384
2018-08-19,-383.363,787.69,486.01000000000005,-853.0110000000001,-658.1239999999999,968.4799999999999,-1021.0270000000002,-747.534,387.469
2018-08-20,-383.79999999999995,783.629,480.264,-854.5370000000001,-659.9979999999999,970.6469999999999,-1019.4060000000001,-748.351,387.818
2018-08-21,-382.589,783.868,477.201,-853.952,-658.4680000000001,962.398,-1019.5730000000001,-749.881,389.143
2018-08-22,-384.378,783.101,476.862,-854.8469999999999,-658.1700000000001,963.1569999999999,-1020.5070000000001,-750.6619999999999,385.65700000000004
2018-08-23,-383.38899999999995,784.2439999999999,476.23699999999997,-852.948,-658.308,963.09,-1020.2229999999998,-750.0329999999999,384.685
2018-08-24,-382.772,784.6229999999999,475.412,-852.4739999999999,-658.918,963.7750000000001,-1019.095,-749.2370000000001,381.92600000000004
2018-08-25,-383.69699999999995,785.158,476.15200000000004,-851.967,-658.1890000000001,964.73,-1019.9879999999999,-748.9279999999999,382.841
2018-08-26,-384.298,785.061,479.1,-853.62,-658.363,969.4309999999999,-1021.355,-748.8520000000001,386.14699999999993
2018-08-27,-382.629,784.051,478.047,-852.851,-659.044,965.982,-1017.8989999999999,-749.814,382.662
2018-08-28,-382.28000000000003,784.643,481.992,-851.583,-657.299,967.3639999999999,-1018.259,-749.948,388.395
2018-08-29,-382.711,783.9010000000001,479.85600000000005,-853.45,-657.0120000000001,970.9590000000001,-1019.4379999999999,-749.891,390.787
2018-08-30,-380.951,784.057,480.059,-851.792,-659.8729999999999,968.7629999999999,-1019.4080000000001,-748.326,387.46
2018-08-31,-382.46599999999995,784.9430000000001,480.282,-850.7889999999999,-660.338,972.5959999999999,-1018.4660000000001,-748.3760000000001,389.16499999999996
2018-09-01,-382.366,785.154,481.64799999999997,-851.1229999999999,-658.64,974.5780000000001,-1019.1239999999999,-748.093,390.90500000000003
2018-09-02,-383.407,784.573,482.052,-852.396,-657.6659999999999,982.2239999999999,-1019.0969999999999,-749.948,391.434
2018-09-03,-384.04099999999994,785.044,478.23199999999997,-853.059,-655.888,985.85,-1019.617,-750.944,384.169
2018-09-04,-380.941,785.602,481.271,-852.052,-659.6310000000001,986.192,-1017.4020000000002,-748.446,391.332
2018-09-05,-380.76500000000004,786.359,486.68100000000004,-850.928,-659.331,977.3120000000001,-1018.251,-747.137,387.99
2018-09-06,-379.839,786.927,484.887,-849.871,-659.1909999999999,977.7370000000001,-1018.4010000000001,-747.035,390.508
2018-09-07,-381.565,786.1199999999999,487.69399999999996,-850.787,-658.9399999999999,975.5299999999999,-1019.8799999999999,-747.983,392.759
2018-09-08,-382.407,785.165,485.98500000000007,-851.4309999999999,-657.0409999999999,966.765,-1019.256,-749.9899999999999,386.568
2018-09-09,-380.28299999999996,785.69,479.921,-851.382,-659.474,967.9700000000001,-1017.3370000000001,-748.6279999999999,384.261
2018-09-10,-383.608,784.755,481.51899999999995,-852.718,-659.357,967.9709999999999,-1019.68,-750.092,386.163
2018-09-11,-384.354,783.932,479.62899999999996,-853.2389999999999,-659.562,965.7950000000001,-1018.1360000000002,-750.622,382.66700000000003
2018-09-12,-383.518,785.63,483.05299999999994,-852.7379999999998,-658.095,967.8030000000001,-1020.205,-750.0609999999999,382.31
2018-09-13,-381.63000000000005,784.777,481.439,-850.726,-659.01,965.9459999999999,-1019.2649999999999,-747.989,384.00800000000004
2018-09-14,-385.643,783.513,470.61,-854.775,-657.443,965.635,-1020.61,-750.957,383.974
2018-09-15,-383.972,785.567,473.51899999999995,-851.0,-657.2170000000001,967.827,-1021.298,-748.2529999999999,384.881
2018-09-16,-385.756,784.443,472.578,-853.1280000000002,-657.867,970.34,-1021.747,-750.182,384.61999999999995
2018-09-17,-382.797,785.301,472.28100000000006,-851.8319999999999,-658.2470000000001,971.28,-1019.8149999999999,-747.472,379.669
2018-09-18,-382.731,785.2439999999999,473.437,-851.025,-659.2470000000001,965.8760000000001,-1019.4700000000001,-748.533,382.108
2018-09-19,-382.08500000000004,785.431,475.413,-850.021,-658.168,962.0569999999999,-1019.166,-747.984,384.66
2018-09-20,-380.97700000000003,785.463,477.19700000000006,-850.6629999999999,-658.338,964.7950000000001,-1018.872,-747.473,384.952
2018-09-21,-381.97600000000006,786.166,475.50699999999995,-850.6729999999999,-656.0930000000001,958.8270000000001,-1020.5950000000001,-747.779,383.221
2018-09-22,-381.936,784.9770000000001,481.396,-850.251,-658.478,960.5120000000001,-1019.05,-747.2379999999999,386.05300000000005
2018-09-23,-381.57399999999996,784.1100000000001,478.738,-849.7889999999999,-657.9659999999999,956.8290000000001,-1018.586,-749.192,382.57
2018-09-24,-384.71,784.397,475.299,-851.93,-657.2180000000001,959.128,-1019.7810000000001,-749.687,381.637
2018-09-25,-382.32,785.725,478.94499999999994,-849.5780000000001,-658.301,962.292,-1018.3200000000002,-747.236,381.53700000000003
2018-09-26,-381.344,784.325,480.253,-850.05,-658.823,958.634,-1016.604,-748.105,384.05400000000003
2018-09-27,-381.00300000000004,786.301,480.492,-849.894,-657.726,964.7959999999998,-1017.261,-748.64,380.57199999999995
2018-09-28,-379.924,786.703,486.678,-850.5690000000001,-657.677,967.831,-1017.423,-748.254,388.722
2018-09-29,-380.974,784.47,486.31199999999995,-850.0909999999999,-657.1510000000001,965.924,-1017.3749999999999,-749.299,388.612
2018-09-30,-381.097,784.8609999999999,486.41599999999994,-849.1780000000001,-657.4499999999999,965.886,-1017.8989999999999,-748.969,391.01399999999995
2018-10-01,-382.46799999999996,786.423,489.20399999999995,-847.6379999999999,-659.5439999999999,982.3459999999999,-1019.393,-748.186,391.43899999999996
2018-10-02,-382.90000000000003,784.9209999999999,488.27799999999996,-851.132,-657.0120000000001,973.3340000000001,-1019.7510000000001,-749.261,388.40200000000004
2018-10-03,-380.116,784.747,488.02700000000004,-849.13,-658.4680000000001,965.327,-1016.6959999999998,-748.383,388.385
2018-10-04,-379.318,783.72,486.36,-849.7090000000001,-660.5569999999999,969.352,-1016.143,-748.2270000000001,387.37699999999995
2018-10-05,-382.00700000000006,784.353,485.08199999999994,-850.722,-658.0279999999999,967.77,-1018.1739999999999,-749.224,387.83099999999996
2018-10-06,-381.69000000000005,784.9470000000001,486.13599999999997,-849.9129999999999,-659.6039999999999,965.396,-1017.9129999999999,-748.9100000000001,388.597
2018-10-07,-381.34499999999997,784.527,485.83799999999997,-849.88,-658.4140000000001,967.211,-1017.444,-748.66,379.942
2018-10-08,-382.18800000000005,784.1550000000001,486.133,-849.827,-661.219,974.6969999999999,-1017.439,-747.814,381.742
2018-10-09,-381.872,783.906,480.52700000000004,-851.726,-659.9119999999999,962.8639999999999,-1017.3709999999998,-750.3069999999999,380.243
2018-10-10,-380.106,784.515,480.846,-850.144,-659.661,969.134,-1018.0180000000001,-749.201,387.61899999999997
2018-10-11,-381.873,782.569,479.63,-852.1600000000001,-660.3670000000001,962.551,-1017.6339999999999,-749.534,390.895
2018-10-12,-378.85200000000003,783.341,485.39700000000005,-849.785,-663.7810000000001,960.8780000000002,-1014.6549999999999,-747.9979999999999,391.19499999999994
2018-10-13,-380.903,785.233,479.3229999999999,-850.4719999999999,-659.2479999999999,956.4580000000001,-1017.619,-748.721,383.946
2018-10-14,-380.767,785.9350000000001,479.25500000000005,-848.989,-660.956,956.7610000000001,-1016.2069999999999,-747.509,382.304
2018-10-15,-383.576,786.798,478.282,-852.54,-658.9300000000001,956.8709999999999,-1020.5280000000001,-749.9670000000001,385.472
2018-10-16,-382.59099999999995,783.955,477.649,-852.0360000000001,-659.3220000000001,955.885,-1018.8709999999999,-749.247,382.865
2018-10-17,-382.473,786.375,479.603,-849.875,-658.277,959.376,-1018.4010000000001,-748.437,382.59099999999995
2018-10-18,-381.944,785.294,486.75100000000003,-850.8389999999999,-659.323,964.5389999999999,-1019.215,-747.753,383.596
2018-10-19,-382.943,786.899,481.87700000000007,-849.563,-657.879,957.63,-1020.9509999999999,-747.305,384.04499999999996
2018-10-20,-379.967,785.0709999999999,485.22700000000003,-849.872,-661.3100000000001,965.874,-1018.4739999999999,-747.467,388.299
2018-10-21,-381.779,785.107,484.97700000000003,-849.7040000000002,-660.038,961.8919999999999,-1019.3370000000002,-747.344,389.184
2018-10-22,-381.602,787.061,482.77,-848.7819999999999,-659.83,963.3719999999998,-1019.5540000000001,-746.665,383.398
2018-10-23,-383.59099999999995,786.7539999999999,479.087,-850.787,-656.751,961.5010000000001,-1019.774,-747.9279999999999,382.46599999999995
2018-10-24,-382.017,785.424,484.07700000000006,-850.525,-659.5020000000001,961.0549999999998,-1018.252,-747.7289999999999,384.82800000000003
2018-10-25,-383.319,784.3489999999999,484.76199999999994,-853.2120000000001,-659.3449999999999,971.551,-1019.6,-749.1170000000001,388.533
2018-10-26,-382.69000000000005,787.208,484.38000000000005,-850.0129999999999,-659.586,971.382,-1020.5120000000001,-746.573,389.317
2018-10-27,-381.42600000000004,784.464,486.48199999999997,-851.484,-659.891,960.5469999999999,-1018.8709999999999,-748.203,387.029
2018-10-28,-383.08400000000006,784.618,481.27700000000004,-851.802,-661.443,961.2040000000001,-1019.68,-748.008,388.709
2018-10-29,-379.826,785.3439999999999,483.126,-848.918,-662.743,967.4709999999999,-1017.4250000000001,-744.629,386.163
2018-10-30,-381.286,787.7109999999999,483.80500000000006,-849.4770000000001,-660.1640000000001,961.0989999999999,-1019.017,-745.864,384.19000000000005
2018-10-31,-381.79,786.082,482.64099999999996,-849.404,-660.744,963.259,-1018.3480000000001,-746.977,384.991
2018-11-01,-381.39099999999996,784.83,479.457,-851.283,-659.693,962.872,-1018.06,-748.556,383.87899999999996
2018-11-02,-381.228,784.563,478.209,-850.865,-660.104,956.942,-1017.336,-748.0649999999999,380.463
2018-11-03,-381.62800000000004,784.4760000000001,478.425,-850.6879999999999,-661.089,962.253,-1017.8009999999999,-747.937,380.621
2018-11-04,-382.382,785.3399999999999,478.67900000000003,-851.565,-660.4399999999999,962.5950000000001,-1019.8180000000001,-747.5699999999999,381.49899999999997
2018-11-05,-383.309,785.705,477.576,-849.952,-659.9209999999999,963.9989999999999,-1019.6590000000001,-748.841,385.601
2018-11-06,-382.461,784.9979999999999,482.32700000000006,-852.1840000000001,-661.325,970.0799999999999,-1018.462,-747.972,388.376
2018-11-07,-381.673,785.75,480.60699999999997,-850.326,-661.045,963.811,-1019.7769999999999,-747.235,386.59099999999995
2018-11-08,-382.69100000000003,784.95,482.48500000000007,-851.0469999999999,-658.4949999999999,968.842,-1020.186,-748.652,383.339
2018-11-09,-381.154,785.625,483.573,-850.7719999999999,-658.6890000000001,967.684,-1018.3520000000001,-747.53,384.839
2018-11-10,-379.445,785.7850000000001,480.953,-849.0569999999999,-660.605,970.585,-1017.774,-746.7189999999999,384.821
2018-11-11,-379.854,785.395,483.091,-849.403,-660.802,967.8030000000001,-1017.555,-747.4649999999999,386.464
2018-11-12,-379.446,784.233,479.562,-850.132,-659.643,959.933,-1016.375,-748.6129999999999,383.496
2018-11-13,-380.76500000000004,784.652,481.896,-850.0040000000001,-658.814,959.569,-1018.7520000000001,-749.452,384.481
2018-11-14,-380.716,785.4290000000001,483.026,-850.609,-658.98,966.145,-1018.4799999999998,-748.681,387.64
2018-11-15,-381.88899999999995,784.817,481.451,-851.4430000000001,-660.105,967.3589999999999,-1018.3309999999999,-749.2579999999999,381.709
2018-11-16,-382.768,783.6260000000001,477.314,-851.549,-659.791,961.006,-1018.5200000000001,-749.7420000000001,378.801
2018-11-17,-382.565,784.959,477.309,-851.1280000000002,-659.2040000000001,965.3969999999999,-1019.951,-748.374,378.685
2018-11-18,-381.064,785.451,475.361,-849.715,-659.393,960.367,-1019.787,-747.753,379.353
2018-11-19,-381.826,784.687,478.674,-850.683,-660.4760000000001,963.8459999999999,-1017.8120000000001,-748.2439999999999,385.639
2018-11-20,-382.805,784.852,477.571,-850.338,-657.792,960.2930000000001,-1018.259,-748.437,383.51199999999994
2018-11-21,-381.85999999999996,786.333,479.02299999999997,-849.856,-659.5989999999999,967.0260000000001,-1020.0930000000002,-746.8779999999999,380.486
2018-11-22,-383.01,784.651,476.811,-851.165,-661.119,959.652,-1019.4989999999999,-748.473,381.812
2018-11-23,-385.272,782.938,469.71999999999997,-852.701,-658.317,949.2790000000001,-1021.4069999999999,-749.676,371.34299999999996
2018-11-24,-383.144,784.634,472.711,-850.066,-659.747,959.0110000000001,-1020.3109999999999,-747.889,376.907
2018-11-25,-382.368,785.804,473.02,-850.311,-658.687,957.5559999999999,-1019.6889999999999,-747.2860000000001,380.394
2018-11-26,-382.266,786.875,474.59399999999994,-851.708,-659.0840000000001,954.716,-1019.693,-748.114,380.941
2018-11-27,-382.575,787.5880000000001,481.281,-850.159,-659.3140000000001,958.075,-1019.619,-747.125,382.068
2018-11-28,-380.848,785.2520000000001,475.91099999999994,-850.001,-659.996,951.073,-1018.0480000000001,-747.418,385.46999999999997
2018-11-29,-383.732,785.246,475.74399999999997,-851.13,-657.58,955.2139999999999,-1021.527,-748.8100000000001,382.542
2018-11-30,-384.733,783.474,475.38500000000005,-852.101,-658.539,957.36,-1020.5870000000001,-748.992,380.169
2018-12-01,-384.253,786.039,480.17299999999994,-849.1629999999999,-658.301,961.347,-1021.399,-747.27,383.96799999999996
2018-12-02,-383.69100000000003,785.378,477.965,-849.194,-659.2600000000001,954.99,-1020.094,-747.677,379.336
2018-12-03,-384.27299999999997,785.22,475.076,-851.1209999999999,-660.2620000000001,954.733,-1020.5110000000002,-748.3069999999999,380.951
2018-12-04,-384.528,785.378,476.6,-851.0719999999999,-658.292,955.131,-1020.098,-748.3340000000001,378.162
2018-12-05,-384.64799999999997,784.7539999999999,477.90600000000006,-851.771,-658.699,958.476,-1021.0980000000001,-749.2090000000001,384.18600000000004
2018-12-06,-384.349,786.341,482.16499999999996,-850.642,-658.567,958.6469999999999,-1020.6610000000001,-748.0989999999999,385.455
2018-12-07,-382.024,784.321,486.942,-848.6129999999999,-661.4689999999999,968.5169999999999,-1016.7839999999999,-746.658,387.87100000000004
2018-12-08,-381.895,785.798,478.649,-848.259,-660.0310000000001,961.259,-1019.2049999999999,-746.948,381.85999999999996
2018-12-09,-384.899,786.346,479.39,-849.357,-658.109,958.3139999999999,-1020.713,-747.287,380.881
2018-12-10,-382.87899999999996,785.6229999999999,477.37600000000003,-851.0709999999999,-658.532,958.344,-1020.864,-748.3140000000001,384.627
2018-12-11,-383.425,785.0840000000001,473.204,-849.516,-658.8380000000001,955.9989999999999,-1020.0160000000001,-748.74,385.202
2018-12-12,-385.05100000000004,784.613,475.3310000000001,-852.3879999999999,-658.5340000000001,961.2799999999999,-1021.6959999999999,-749.978,383.764
2018-12-13,-385.376,783.837,477.66999999999996,-851.6440000000001,-657.924,962.777,-1021.175,-749.344,380.93499999999995
2018-12-14,-386.284,783.1819999999999,473.201,-853.511,-659.081,957.8,-1021.156,-751.541,381.34000000000003
2018-12-15,-384.471,784.165,471.933,-851.467,-660.574,959.7909999999999,-1019.633,-750.089,379.47700000000003
2018-12-16,-384.925,784.8000000000001,474.779,-851.384,-660.5310000000001,960.991,-1020.338,-749.0949999999999,383.615
2018-12-17,-384.14699999999993,784.832,480.68699999999995,-851.6120000000001,-659.771,964.6700000000001,-1021.728,-748.2270000000001,381.39
2018-12-18,-382.25100000000003,783.3820000000001,476.833,-853.582,-661.029,965.096,-1019.3330000000001,-749.056,382.556
2018-12-19,-386.76300000000003,784.021,475.73,-854.567,-660.022,959.4950000000001,-1021.1850000000001,-749.51,380.627
2018-12-20,-384.232,784.302,469.445,-851.57,-661.333,951.4379999999999,-1020.4200000000001,-748.5189999999999,379.803
2018-12-21,-380.766,783.938,473.21000000000004,-853.4459999999999,-661.981,964.188,-1019.6180000000002,-747.574,379.872
2018-12-22,-381.94800000000004,785.836,472.06800000000004,-849.2669999999999,-660.1949999999999,957.5409999999999,-1020.4580000000001,-746.3340000000001,381.14599999999996
2018-12-23,-383.14799999999997,786.7529999999999,476.37600000000003,-849.7540000000001,-659.677,961.5709999999999,-1020.904,-746.3890000000001,383.239
2018-12-24,-385.825,786.464,473.47399999999993,-851.8319999999999,-657.265,960.733,-1022.5280000000001,-748.476,378.713
2018-12-25,-384.95300000000003,784.397,475.2,-852.9120000000001,-660.64,969.932,-1020.7540000000001,-748.733,382.447
2018-12-26,-384.399,786.761,471.947,-851.0989999999999,-658.3299999999999,963.699,-1022.651,-746.765,380.989
2018-12-27,-383.262,787.835,472.741,-847.4540000000001,-657.049,959.9280000000001,-1022.4629999999999,-745.75,380.61799999999994
2018-12-28,-385.189,784.7890000000001,472.275,-853.524,-657.1020000000001,959.7399999999999,-1023.619,-750.336,381.29400000000004
2018-12-29,-383.134,785.1899999999999,469.66999999999996,-850.963,-658.184,959.1790000000001,-1021.213,-748.0120000000001,381.291
2018-12-30,-380.866,785.797,478.94599999999997,-849.109,-660.223,960.938,-1019.0629999999999,-746.2270000000001,378.969
2018-12-31,-382.679,785.524,478.37700000000007,-851.1489999999999,-659.004,961.087,-1019.7160000000001,-747.25,382.227
2019-01-01,-381.894,785.855,480.55699999999996,-849.986,-660.129,967.412,-1019.441,-746.6270000000001,381.991
2019-01-02,-382.92800000000005,784.0319999999999,481.183,-852.874,-660.538,971.566,-1019.199,-748.742,386.202
2019-01-03,-383.423,785.413,479.51000000000005,-853.146,-659.417,966.311,-1020.934,-748.541,383.88
2019-01-04,-381.211,786.3979999999999,482.44899999999996,-850.2350000000001,-660.658,969.391,-1018.1759999999999,-747.0609999999999,384.858
2019-01-05,-382.349,784.3489999999999,480.4,-850.8879999999999,-660.197,967.0379999999999,-1017.7889999999999,-748.15,385.841
2019-01-06,-384.193,785.732,474.675,-850.6040000000002,-658.7270000000001,968.189,-1019.806,-747.36,381.884
2019-01-07,-382.819,783.556,477.2939999999999,-852.434,-661.368,967.644,-1019.4799999999999,-748.3539999999999,382.174
2019-01-08,-384.524,783.152,477.522,-854.338,-659.655,962.936,-1019.9419999999999,-749.573,383.32500000000005
2019-01-09,-384.01399999999995,782.676,479.93100000000004,-854.2620000000001,-660.739,966.409,-1020.1530000000001,-750.3100000000001,386.612
2019-01-10,-382.607,785.705,474.333,-850.8700000000001,-660.933,959.555,-1020.308,-747.637,378.29400000000004
2019-01-11,-382.359,784.768,476.77200000000005,-849.6100000000001,-660.625,959.936,-1020.3209999999998,-747.24,379.988
2019-01-12,-385.413,783.677,474.67299999999994,-853.191,-659.114,957.095,-1020.9580000000001,-748.375,378.761
2019-01-13,-382.809,786.116,479.58599999999996,-849.655,-659.907,957.0780000000001,-1019.639,-745.812,379.14799999999997
2019-01-14,-382.82899999999995,786.046,477.878,-849.7600000000001,-659.107,957.3530000000001,-1019.9479999999999,-746.316,380.305
2019-01-15,-382.838,787.21,479.46400000000006,-848.774,-661.2979999999999,966.572,-1020.935,-743.775,382.692
2019-01-16,-382.72,784.893,478.587,-852.0049999999999,-660.4290000000001,963.493,-1019.9599999999999,-748.0210000000001,384.80199999999996
2019-01-17,-383.47900000000004,786.6229999999999,476.354,-850.2959999999999,-658.848,957.548,-1020.808,-747.108,386.10900000000004
2019-01-18,-383.222,784.0729999999999,478.317,-852.405,-659.982,963.73,-1019.595,-749.042,385.297
2019-01-19,-383.278,786.1949999999999,477.00100000000003,-850.8110000000001,-658.759,964.8030000000001,-1020.99,-746.622,384.47900000000004
2019-01-20,-383.218,783.538,479.01300000000003,-851.972,-660.1239999999999,958.622,-1019.4540000000001,-749.2090000000001,382.295
2019-01-21,-384.37399999999997,785.235,476.972,-851.765,-657.2750000000001,962.3280000000001,-1020.1280000000002,-748.1419999999999,387.527
2019-01-22,-383.68600000000004,784.0590000000001,477.532,-852.266,-657.673,952.1500000000001,-1019.9929999999999,-749.904,385.77
2019-01-23,-383.50300000000004,784.1270000000001,477.247,-851.2870000000001,-660.1179999999999,957.899,-1019.9359999999999,-749.035,386.942
2019-01-24,-384.253,783.7810000000001,480.076,-852.468,-657.5020000000001,959.456,-1020.5709999999999,-749.638,385.12399999999997
2019-01-25,-386.64899999999994,785.891,479.54600000000005,-851.412,-655.706,969.252,-1023.1370000000002,-749.9050000000001,383.271
2019-01-26,-383.993,784.3760000000001,478.104,-851.6969999999999,-657.5439999999999,959.8629999999999,-1020.397,-749.239,381.835
2019-01-27,-383.764,784.8510000000001,479.32099999999997,-850.7819999999999,-660.4499999999999,964.674,-1019.724,-747.1569999999999,385.969
2019-01-28,-384.943,784.63,483.13800000000003,-851.77,-660.805,969.518,-1021.65,-748.783,388.15500000000003
2019-01-29,-384.08799999999997,785.2810000000001,475.07200000000006,-850.024,-660.7729999999999,966.3530000000001,-1020.4709999999999,-747.2379999999999,384.319
2019-01-30,-382.484,785.618,474.50699999999995,-850.2669999999999,-660.7760000000001,962.031,-1019.7129999999999,-747.125,381.135
2019-01-31,-382.665,785.474,477.55699999999996,-850.332,-662.1020000000001,961.3739999999999,-1019.2900000000001,-746.745,381.96399999999994
2019-02-01,-383.51599999999996,785.069,476.639,-849.9530000000001,-659.716,960.399,-1019.8049999999998,-746.97,380.031
2019-02-02,-383.674,786.0229999999999,475.15200000000004,-850.4979999999999,-659.58,967.973,-1020.9950000000001,-748.452,386.081
2019-02-03,-382.288,786.2779999999999,481.702,-848.0620000000001,-660.482,968.6940000000001,-1019.391,-746.396,387.454
2019-02-04,-380.75100000000003,785.907,483.034,-849.0680000000001,-661.138,968.033,-1018.5709999999999,-746.857,388.69000000000005
2019-02-05,-381.076,785.1859999999999,479.38199999999995,-850.3870000000002,-660.0520000000001,965.477,-1018.837,-748.982,381.444
2019-02-06,-381.96799999999996,785.0229999999999,480.51700000000005,-850.877,-660.452,963.118,-1019.175,-748.8439999999999,385.51399999999995
2019-02-07,-381.451,786.8729999999999,481.627,-848.6600000000001,-660.016,968.2819999999999,-1018.34,-746.3,384.79600000000005
2019-02-08,-381.654,786.897,486.311,-849.5010000000001,-660.0010000000001,969.226,-1019.724,-745.872,387.604
2019-02-09,-381.65900000000005,786.672,482.901,-848.5290000000001,-658.85,964.4200000000001,-1022.1659999999999,-745.949,386.26300000000003
2019-02-10,-384.07399999999996,787.134,477.73199999999997,-849.4649999999999,-657.6189999999999,959.6629999999999,-1022.451,-746.6850000000001,381.606
2019-02-11,-384.15700000000004,786.047,475.999,-852.341,-659.1239999999999,962.6360000000001,-1021.312,-747.893,381.965
2019-02-12,-383.352,788.2090000000001,478.48500000000007,-849.6510000000001,-657.772,963.733,-1022.2799999999999,-746.232,380.348
2019-02-13,-384.11300000000006,786.466,476.61,-850.894,-661.0939999999999,967.2069999999999,-1020.7469999999998,-746.839,378.95300000000003
2019-02-14,-382.65500000000003,784.511,478.89,-853.4799999999999,-661.596,967.318,-1020.6959999999998,-748.559,386.121
2019-02-15,-383.14899999999994,785.347,473.63100000000003,-852.5889999999999,-660.762,953.9479999999999,-1020.931,-748.74,381.745
2019-02-16,-383.409,785.607,469.837,-852.4350000000001,-661.37,956.6110000000001,-1021.1030000000001,-747.815,399.479
2019-02-17,-386.481,785.5840000000001,471.74499999999995,-853.098,-658.932,955.0200000000001,-1022.9580000000001,-747.5149999999999,376.96299999999997
2019-02-18,-385.63800000000003,784.955,471.63500000000005,-853.8379999999999,-655.303,951.231,-1023.765,-749.799,372.395
2019-02-19,-384.34200000000004,785.037,474.805,-851.461,-660.2620000000001,954.1379999999999,-1021.7510000000001,-749.575,377.732
2019-02-20,-384.048,786.294,472.11,-851.9100000000001,-661.8609999999999,961.6819999999999,-1020.7680000000001,-748.76,380.227
2019-02-21,-385.259,788.895,468.289,-851.5879999999999,-660.326,957.1120000000001,-1021.57,-748.6500000000001,375.661
2019-02-22,-384.681,783.149,472.005,-854.349,-659.574,962.859,-1020.271,-750.441,374.848
2019-02-23,-384.45,785.067,473.942,-852.027,-657.716,962.94,-1021.344,-749.318,376.61999999999995
2019-02-24,-386.2,785.37,475.491,-852.972,-655.299,956.306,-1023.166,-750.865,383.397
2019-02-25,-383.09,785.6850000000001,476.26899999999995,-850.9760000000001,-658.679,964.5129999999999,-1020.7010000000001,-748.9390000000001,382.27
2019-02-26,-384.61,785.515,482.008,-852.7,-656.759,964.0889999999999,-1021.555,-748.171,385.421
2019-02-27,-385.47800000000007,785.889,474.953,-853.234,-657.3879999999999,961.29,-1022.043,-749.3199999999999,377.68
2019-02-28,-383.87399999999997,784.7069999999999,470.691,-853.764,-657.533,958.794,-1021.795,-749.9010000000001,377.46599999999995
2019-03-01,-383.335,785.249,478.066,-851.823,-657.245,961.573,-1019.8499999999999,-749.641,378.35999999999996
2019-03-02,-382.339,785.295,477.747,-851.1270000000001,-657.884,955.725,-1019.9690000000002,-749.606,380.834
2019-03-03,-381.954,786.422,478.757,-850.434,-658.267,959.5350000000001,-1020.4229999999999,-747.766,386.08200000000005
2019-03-04,-384.778,787.21,477.545,-849.993,-657.702,956.366,-1021.7629999999999,-747.137,380.775
2019-03-05,-384.732,784.871,475.662,-852.482,-658.295,961.291,-1021.703,-749.264,381.573
2019-03-06,-383.123,783.9920000000001,477.83400000000006,-852.165,-660.1819999999999,959.629,-1019.7860000000001,-750.026,382.864
2019-03-07,-382.856,783.5840000000001,480.149,-853.0110000000001,-658.755,961.7489999999999,-1019.5049999999999,-751.649,387.762
2019-03-08,-383.327,784.786,480.97499999999997,-851.029,-658.3140000000001,958.3950000000001,-1020.314,-750.1979999999999,385.712
2019-03-09,-382.481,784.931,483.47299999999996,-851.773,-657.751,962.039,-1019.4110000000001,-749.88,386.034
2019-03-10,-383.804,783.089,482.54300000000006,-853.71,-659.697,966.6620000000001,-1019.334,-751.509,384.278
2019-03-11,-383.88,785.4989999999999,485.10900000000004,-850.7889999999999,-658.3439999999999,961.251,-1020.6299999999999,-749.166,391.783
2019-03-12,-380.338,785.549,481.293,-850.3700000000001,-660.778,960.759,-1018.0180000000001,-747.921,387.51599999999996
2019-03-13,-381.56,785.732,484.67,-850.77,-659.907,963.707,-1018.869,-748.587,386.766
2019-03-14,-384.178,784.8689999999999,482.75600000000003,-851.309,-657.784,963.5290000000001,-1022.198,-750.896,389.32
2019-03-15,-382.11899999999997,785.559,490.201,-849.198,-658.76,961.565,-1020.051,-746.9350000000001,395.022
2019-03-16,-382.23400000000004,784.678,489.76499999999993,-850.9709999999999,-659.413,972.6590000000001,-1017.3520000000001,-749.3149999999999,394.23800000000006
2019-03-17,-381.631,783.76,487.491,-851.281,-660.4359999999999,972.3389999999999,-1018.4819999999999,-750.4970000000001,397.438
2019-03-18,-381.134,784.402,485.659,-848.879,-660.855,970.2870000000001,-1017.547,-749.225,391.189
2019-03-19,-383.629,785.84,483.561,-851.381,-657.044,968.2239999999999,-1021.3000000000001,-749.5569999999999,387.5
2019-03-20,-381.444,783.7950000000001,486.26000000000005,-850.899,-658.962,963.088,-1019.391,-750.212,389.10100000000006
2019-03-21,-382.975,786.265,481.574,-850.656,-658.126,965.543,-1020.5450000000001,-749.42,387.293
2019-03-22,-383.076,784.8000000000001,480.86,-850.189,-658.8470000000001,960.542,-1019.878,-748.5619999999999,385.517
2019-03-23,-384.15700000000004,784.721,480.99899999999997,-851.747,-658.616,962.943,-1020.473,-749.51,382.465
2019-03-24,-383.898,784.8340000000001,478.022,-851.323,-657.576,962.5809999999999,-1020.8139999999999,-750.119,387.61400000000003
2019-03-25,-385.252,785.9119999999999,476.704,-851.055,-657.7669999999999,972.1840000000001,-1021.508,-749.2979999999999,387.71500000000003
2019-03-26,-384.45,786.47,488.33500000000004,-850.133,-657.768,964.24,-1021.7819999999999,-748.384,392.561
2019-03-27,-381.287,785.651,489.24300000000005,-850.5729999999999,-659.436,966.165,-1020.1260000000001,-747.6800000000001,390.108
2019-03-28,-380.804,786.122,488.649,-849.003,-658.223,963.289,-1018.3480000000001,-747.506,391.47600000000006
2019-03-29,-381.562,785.833,486.51700000000005,-849.1360000000001,-657.625,964.9469999999999,-1019.984,-748.112,391.12600000000003
2019-03-30,-380.63800000000003,785.0630000000001,483.3310000000001,-850.265,-659.4029999999999,962.9830000000001,-1018.9580000000001,-747.792,386.16999999999996
2019-03-31,-380.35200000000003,786.375,486.03000000000003,-849.5370000000001,-658.473,964.7610000000001,-1018.8649999999999,-747.3310000000001,390.23400000000004
2019-04-01,-380.634,785.4399999999999,485.653,-849.7510000000001,-658.633,960.986,-1018.346,-749.202,390.522
2019-04-02,-381.658,786.326,482.924,-849.35,-657.3710000000001,964.1350000000001,-1018.786,-748.887,389.052
2019-04-03,-384.26700000000005,784.634,487.34700000000004,-851.742,-656.144,964.8100000000001,-1020.648,-749.9350000000001,393.447
2019-04-04,-382.72299999999996,785.549,490.57,-850.2729999999999,-657.0120000000001,964.8610000000001,-1020.3790000000001,-748.754,392.283
2019-04-05,-381.774,785.396,487.911,-850.201,-658.424,971.378,-1020.0830000000001,-748.726,389.552
2019-04-06,-382.587,782.424,484.699,-852.096,-660.6959999999999,960.192,-1017.8739999999999,-750.459,388.187
2019-04-07,-382.23400000000004,785.1560000000001,491.076,-850.8919999999999,-662.855,967.243,-1018.999,-746.259,395.338
2019-04-08,-383.00800000000004,786.132,484.39899999999994,-851.073,-657.839,959.8489999999999,-1021.0429999999999,-748.556,391.193
2019-04-09,-382.69399999999996,785.0239999999999,480.447,-852.277,-658.517,961.003,-1020.82,-748.929,386.881
2019-04-10,-380.462,787.86,484.706,-848.393,-659.951,970.038,-1019.5049999999999,-746.6500000000001,388.46
2019-04-11,-381.742,785.625,483.387,-850.7940000000001,-658.431,965.2700000000001,-1018.519,-749.0210000000001,384.73400000000004
2019-04-12,-381.559,786.077,486.474,-851.8879999999999,-657.4989999999999,967.241,-1019.2470000000001,-748.505,392.231
2019-04-13,-381.565,785.601,487.65500000000003,-850.8530000000001,-658.7819999999999,968.994,-1018.542,-749.0740000000001,391.681
2019-04-14,-383.06,784.7180000000001,483.717,-850.93,-659.428,963.3870000000001,-1019.1030000000001,-749.978,389.992
2019-04-15,-382.123,784.7579999999999,481.916,-849.4350000000001,-660.431,959.4280000000001,-1019.0290000000002,-748.121,384.847
2019-04-16,-382.20500000000004,785.0319999999999,482.361,-851.986,-658.221,957.143,-1020.6189999999999,-749.211,381.923
2019-04-17,-383.849,784.1279999999999,483.98199999999997,-852.456,-659.744,957.233,-1020.216,-749.9859999999999,387.283
