"n0","e0","u0","n1","e1","u1","n2","e2","u2"
-383.764,786.978,469.842,-849.254,-661.935,960.433,-1020.39,-746.798,380.352
-383.088,788.443,470.864,-848.816,-661.851,957.764,-1019.225,-744.507,384.416
-383.962,787.7,467.741,-849.758,-659.568,952.106,-1021.275,-746.421,378.503
-385.647,790.15,474.474,-850.348,-660.092,959.554,-1020.13,-746.724,375.72
-385.835,789.298,470.647,-849.926,-659.097,956.939,-1021.079,-745.399,381.59
-386.238,787.835,467.916,-850.463,-658.2,949.593,-1021.329,-745.415,381.179
-383.503,787.399,471.01,-852.044,-660.149,958.012,-1020.704,-746.452,384.787
-385.796,790.185,469.213,-849.537,-657.267,954.93,-1024.467,-745.441,380.975
-383.457,789.039,470.465,-851.151,-658.766,962.338,-1021.156,-747.026,384.175
-381.611,788.119,474.738,-849.755,-659.782,963.525,-1018.667,-746.432,384.355
-383.853,786.911,477.051,-850.537,-658.107,962.801,-1018.88,-747.438,390.242
-382.926,789.143,479.071,-850.726,-660.396,965.581,-1018.757,-746.885,388.719
-383.045,787.064,477.548,-850.62,-660.867,964.69,-1019.079,-746.131,387.16
-384.996,786.235,472.848,-853.339,-660.195,971.963,-1019.849,-747.939,387.627
-383.748,787.686,471.327,-851.551,-658.636,964.987,-1019.232,-746.289,385.173
-383.141,787.541,476.035,-850.153,-658.992,964.335,-1020.336,-746.362,388.639
-385.027,788.281,475.523,-851.951,-658.24,968.932,-1021.297,-746.819,388.094
-385.36,787.226,467.808,-852.604,-657.175,964.227,-1021.098,-749.576,384.327
-384.61,788.433,474.525,-851.01,-657.971,965.413,-1019.08,-747.416,384.227
-382.301,787.527,470.612,-851.239,-660.091,964.467,-1019.049,-746.458,383.859
-384.454,788.503,472.665,-851.346,-661.45,971.028,-1021.214,-745.315,385.05
-383.21,788.35,474.361,-849.134,-661.484,975.677,-1021.011,-746.399,393.598
-382.502,784.666,469.677,-853.866,-660.671,963.674,-1018.541,-749.136,385.936
-383.491,787.552,470.278,-851.368,-662.512,968.26,-1019.723,-747.732,384.563
-385.19,787.329,470.352,-852.792,-658.888,961.373,-1020.517,-748.4,384.025
-384.458,786.065,471.552,-853.694,-658.867,962.907,-1020.049,-748.787,385.361
-385.365,787.509,474.421,-851.494,-657.149,963.938,-1021.909,-747.7,389.312
-383.591,789.302,472.946,-850.29,-657.048,972.837,-1020.66,-745.605,383.465
-384.172,786.98,478.623,-852.503,-657.379,971.165,-1020.298,-747.533,387.392
-385.151,789.581,478.061,-849.792,-656.183,969.727,-1021.974,-747.484,391.954
-384.298,786.743,474.276,-851.971,-659.994,973.29,-1022.435,-749.013,393.375
-383.71,786.955,480.261,-850.41,-658.449,970.42,-1019.962,-747.559,393.089
-385.303,787.122,476.865,-850.618,-658.307,968.567,-1021.579,-747.621,395.339
-384.881,785.553,481.469,-853.195,-658.811,976.47,-1021.141,-748.224,395.343
-383.703,786.839,477.765,-851.638,-659.098,968.518,-1019.511,-748.023,393.815
-382.65,789.736,476.744,-852.141,-657.861,973.042,-1021.169,-746.46,393.604
-385.634,786.885,476.163,-852.575,-658.612,969.25,-1021.347,-749.362,390.797
-385.11,787.448,475.834,-851.569,-657.694,967.494,-1020.959,-748.003,391.01
-385.485,786.931,478.076,-851.901,-657.872,970.364,-1021.268,-749.907,394.586
-385.812,788.182,475.421,-852.476,-657.322,973.778,-1021.599,-750.145,396.969
-388.445,786.942,478.071,-852.697,-655.992,974.6,-1024.108,-750.384,395.075
-385.411,787.134,477.05,-851.17,-657.125,973.958,-1020.893,-748.797,393.1
-384.773,788.203,483.833,-849.714,-656.908,978.572,-1021.302,-746.771,394.473
-384.446,785.727,479.091,-851.165,-657.731,968.874,-1019.819,-750.14,396.731
-385.479,787.657,480.712,-851.079,-657.184,967.552,-1020.873,-748.843,395.152
-385.546,788.589,480.542,-850.197,-657.116,970.951,-1023.062,-746.892,393.366
-385.114,787.645,479.218,-851.061,-658.387,968.405,-1020.084,-747.971,393.33
-387.356,787.956,491.058,-853.075,-656.745,969.618,-1021.123,-749.661,392.699
-386.148,787.773,480.442,-851.032,-656.677,966.592,-1021.67,-748.928,395.384
-386.413,788.764,473.171,-851.649,-657.452,969.097,-1022.245,-748.725,391.259
-385.996,787.652,478.261,-851.893,-657.879,967.999,-1021.385,-748.902,389.776
-383.529,787.232,479.745,-849.969,-660.329,974.254,-1019.127,-746.045,394.418
-382.929,787.928,477.458,-849.929,-658.99,965.06,-1019.589,-747.303,393.741
-385.53,787.697,478.267,-850.236,-658.415,974.321,-1021.365,-748.385,397.222
-383.629,787.736,479.351,-849.937,-657.936,971.389,-1020.025,-748.534,398.025
-385.496,787.406,477.566,-849.778,-658.001,969.603,-1021.699,-747.928,388.882
-385.432,787.331,476.469,-850.894,-657.127,967.643,-1021.365,-747.925,392.138
-385.773,787.726,479.17,-851.74,-656.419,966.975,-1022.037,-749.567,392.287
-386.311,786.937,475.581,-851.461,-657.299,960.916,-1020.661,-748.783,388.552
-386.411,787.037,479.674,-852.482,-655.911,960.523,-1021.977,-749.248,389.778
-386.572,787.423,475.481,-853.611,-657.594,965.042,-1022.636,-749.605,394.307
-385.801,788.064,471.819,-851.061,-657.485,962.207,-1020.278,-748.731,388.802
-384.37,788.64,475.052,-851.197,-657.968,965.702,-1019.859,-748.519,394.496
-384.33,787.017,479.222,-850.766,-657.756,963.41,-1020.497,-747.905,391.907
-385.693,786.547,482.489,-852.789,-657.969,972.075,-1020.854,-748.844,396.468
-383.691,786.451,479.563,-851.196,-659.682,969.265,-1019.45,-748.56,395.152
-383.012,787.484,479.914,-850.583,-657.411,968.338,-1019.642,-747.557,394.049
-382.948,787.772,479.014,-851.004,-656.738,970.395,-1020.044,-748.907,396.196
-383.166,785.529,480.337,-852.273,-658.904,971.37,-1019.344,-748.597,393.566
-383.295,787.967,480.379,-851.141,-658.03,974.341,-1020.684,-746.634,393.727
-385.358,786.183,479.068,-851.643,-657.238,967.679,-1020.714,-748.736,395.355
-386.048,786.607,483.002,-852.707,-657.543,975.54,-1021.801,-748.797,393.793
-385.225,787.127,481.726,-852.572,-657.301,974.011,-1020.706,-748.744,396.327
-381.529,786.366,482.969,-850.866,-659.282,972.483,-1017.829,-748.627,397.362
-383.851,786.517,481.242,-851.362,-658.134,970.012,-1019.289,-748.848,395.4
-385.664,786.468,473.241,-852.019,-659.049,971.944,-1019.476,-747.655,394.232
-386.974,785.502,471.111,-853.938,-658.639,966.743,-1021.1,-750.532,388.005
-386.144,784.923,478.224,-854.497,-659.902,975.507,-1022.36,-747.951,380.688
-384.128,786.313,473.713,-852.178,-662.135,975.602,-1020.295,-746.923,387.233
-385.682,786.759,466.904,-852.432,-657.844,956.722,-1021.017,-747.922,390.513
-385.702,787.114,467.406,-852.384,-658.436,963.82,-1021.912,-749.264,386.25
-384.957,788.501,473.263,-851.093,-658.338,968.374,-1020.88,-748.998,386.883
-387.485,787.308,473.677,-852.038,-657.529,969.714,-1020.193,-749.01,384.417
-385.131,787.451,469.81,-850.75,-658.928,971.212,-1021.693,-746.405,386.165
-384.361,786.431,471.919,-851.829,-660.006,963.674,-1020.389,-746.893,378.76
-385.808,785.533,472.338,-854.48,-657.233,963.039,-1021.556,-748.938,383.677
-384.64,787.238,470.321,-851.491,-659.2,960.566,-1020.247,-746.832,386.836
-385.692,787.776,466.084,-850.344,-659.25,963.644,-1019.731,-748.69,390.927
-384.436,785.813,472.211,-851.914,-659,968.483,-1020.892,-749.006,391.162
-384.304,787.128,473.936,-852.388,-656.872,970.763,-1022.218,-747.652,388.422
-384.059,787.717,476.427,-851.343,-656.917,965.595,-1021.868,-747.878,392.849
-386.129,786.65,476.73,-852.421,-658.323,967.508,-1021.796,-748.772,392.55
-384.859,788.878,473.398,-848.946,-656.389,962.392,-1022.488,-746.373,386.897
-385.667,788.027,479.376,-852.584,-657.508,969.378,-1022.576,-748.443,390.255
-385.125,788.423,482.928,-850.471,-658.903,969.268,-1022.313,-747.002,389.613
-385.696,788.034,477.745,-851.187,-656.651,968.073,-1022.876,-747.676,388.876
-385.87,787.947,475.948,-851.689,-656.903,971.696,-1023.388,-747.018,387.31
-385.58,787.439,475.352,-851.156,-660.112,975.395,-1021.372,-747.749,385.245
-385.553,788.623,475.026,-850.876,-656.935,965.987,-1022.003,-747.703,382.66
-384.122,787.817,474.661,-849.762,-658.723,964.394,-1020.292,-747.14,382.975
-385.719,787.527,475.812,-851.809,-658.594,969.544,-1021.63,-747.339,385.552
-385.471,786.955,475.311,-851.508,-659.855,972.168,-1022.101,-747.645,388.914
-386.102,787.45,477.033,-850.91,-658.317,966.589,-1021.634,-748.002,390.253
-384.74,787.992,472.162,-849.58,-659.364,964.334,-1020.615,-746.817,385.556
-387.165,785.107,467.425,-854.509,-657.521,965.515,-1022.071,-750.077,383.189
-385.683,786.178,474.567,-852.214,-659.785,967.071,-1021.759,-748.615,386.17
-384.288,785.88,476.27,-852.082,-658.78,966.044,-1019.773,-749.329,386.772
-385.264,784.436,476.745,-852.188,-657.05,966.138,-1020.542,-750.8,389.147
-383.612,787.333,482.155,-849.807,-659.718,973.792,-1019.722,-747.24,390.728
-384.729,786.287,480.454,-852.376,-657.75,970.49,-1019.89,-748.912,391.976
-384.56,787.118,478.248,-850.893,-656.734,970.434,-1021.376,-747.804,388.742
-384.478,787.165,478.46,-850.286,-658.145,972.056,-1021.424,-748.236,392.847
-384.794,785.993,479.51,-852.497,-656.822,966.894,-1020.774,-749.82,389.86
-384.947,786.918,477.499,-852.3,-656.913,968.393,-1022.435,-748.627,392.627
-384.596,786.827,475.178,-850.611,-658.331,968.542,-1018.793,-747.572,386.385
-384.98,785.557,479.137,-851.563,-659.177,969.344,-1020.201,-747.573,391.758
-385.285,786.033,473.667,-851.929,-658.563,968.666,-1020.003,-748.373,385.579
-383.954,785.922,475.769,-851.105,-660.16,970.231,-1019.521,-747.491,385.129
-382.814,786.464,476.109,-850.678,-660.306,972.002,-1019.125,-746.688,384.796
-384.782,786.418,475.931,-851.64,-657.506,971.57,-1020.573,-748.997,386.758
-384.835,785.95,477.833,-851.223,-660.705,970.98,-1020.088,-748.449,387.011
-385.93,787.351,475.214,-851.435,-659.698,969.098,-1021.999,-746.787,386.457
-386.866,786.727,472.722,-852.331,-658.909,972.202,-1021.703,-748.546,389.377
-386.714,787.938,472.744,-851.924,-657.95,973.6,-1022.591,-747.499,386.842
-385.502,785.464,476.827,-852.95,-658.839,975.113,-1021.65,-749.317,391.771
-384.336,783.554,470.775,-854.554,-658.505,967.276,-1019.606,-751.233,388.79
-385.787,785.877,478.156,-853.084,-657.947,974.725,-1020.763,-749.874,392.496
-385.591,783.018,475.587,-855.917,-659.577,972.302,-1020.172,-752.325,389.724
-384.3,787.667,476.888,-851.71,-658.22,977.581,-1020.984,-747.997,389.135
-383.583,785.259,479.498,-852.783,-661.403,981.353,-1018.516,-749.052,394.282
-384.915,786.383,477.215,-851.913,-658.964,977.885,-1020.627,-748.812,395.8
-385.649,785.47,475.596,-853.1,-660.405,983,-1020.677,-749.953,395.941
-384.265,785.887,474.299,-851.463,-658.574,973.639,-1020.673,-749.214,393.101
-385.444,785.673,478.68,-851.505,-657.211,968.975,-1021.605,-748.806,392.331
-385.587,786.479,477.506,-852.551,-658.029,978.916,-1021.474,-749.496,389.286
-385.759,785.598,474.15,-852.424,-657.405,972.37,-1021.165,-749.862,390.974
-383.728,785.782,475.685,-850.922,-660.367,969.845,-1019.376,-748.434,387.686
-384.172,784.55,473.379,-852.024,-661.282,968.713,-1018.833,-749.057,388.099
-386.902,786.88,469.861,-852.569,-659.267,975.507,-1022.31,-748.05,391.674
-383.718,786.776,466.336,-850.287,-660.196,971.016,-1018.455,-747.293,395.345
-385.887,786.009,465.979,-852.875,-658.36,967.662,-1021.883,-748.334,388.772
-383.324,787.878,474.398,-851.96,-659.039,968.786,-1021.985,-747.262,386.973
-384.148,786.681,472.689,-851.866,-661.974,967.902,-1020.341,-747.14,385.878
-382.818,786.832,472.085,-851.455,-661.089,970.195,-1021.38,-748.193,388.441
-385.041,787.179,469.965,-853.974,-660.344,961.005,-1021.062,-749.283,380.304
-385.066,787.854,466.62,-851.731,-660.409,956.894,-1024.721,-747.616,391.648
-384.186,786.408,468.494,-854.208,-661.024,960.097,-1021.396,-748.045,383.198
-382.654,786.091,468.242,-853.37,-661.893,962.457,-1021.038,-747.261,381.757
-383.7,785.089,470.778,-854.112,-660.015,966.492,-1020.603,-749.851,383.024
-384.27,787.33,476.144,-851.74,-658.911,969.426,-1021.378,-749.033,388.417
-384.421,786.641,477.663,-852.89,-659.9,972.497,-1021.283,-749.867,394.431
-384.218,784.726,494.318,-851.946,-658.889,972.553,-1022.261,-748.608,395.705
-384.856,785.573,486.243,-853.782,-658.688,974.516,-1021.165,-748.904,396.716
-383.734,785.787,487.253,-851.622,-659.036,976.109,-1020.669,-748.992,396.046
-384.652,783.857,482.262,-854.871,-659.78,975.305,-1018.983,-750.375,399.067
-384.476,784.452,477.623,-852.45,-660.312,968.166,-1019.398,-750.066,391.881
-386.007,784.602,474.916,-853.793,-659.082,970.527,-1021.494,-750.976,391.309
-386.086,785.916,474.975,-853.01,-658.966,967.178,-1022.142,-749.2,386.869
-385.534,785.382,476.474,-852.55,-659.648,965.432,-1020.38,-747.416,382.303
-383.709,786.524,474.831,-850.406,-660.589,963.661,-1020.906,-746.058,384.736
-385.414,785.364,474.456,-852.385,-659.638,961.616,-1019.921,-749.221,383.171
-385.837,786.073,473.788,-852.407,-658.672,966.477,-1021.212,-748.098,380.959
-383.506,785.892,476.261,-850.414,-660.091,966.5,-1018.405,-747.533,388.305
-387.064,785.954,476.308,-851.615,-658.459,964.836,-1020.918,-747.965,388.528
-387.898,784.931,473.406,-853.86,-657.645,968.212,-1022.366,-748.834,387.579
-387.52,787.3,475.878,-851.893,-657.113,971.742,-1022.013,-747.361,390.487
-386.157,786.284,478.728,-850.944,-658.272,970.829,-1020.383,-747.36,390.934
-386.693,784.03,477.979,-853.72,-658.813,974.772,-1020.972,-749.589,393.563
-385.924,784.422,476.392,-854.817,-659.959,964.702,-1021.476,-748.38,388.364
-382.479,783.851,475.013,-852.702,-662.154,962.279,-1018.596,-748.213,387.312
-384.128,785.117,481.623,-852.528,-661.609,968.038,-1019.87,-748.515,393.655
-384.128,784.802,478.806,-852.144,-660.791,967.347,-1020.839,-749.293,396.04
-385.926,785.51,470.227,-852.869,-661.286,973.816,-1020.655,-748.521,388.576
-384.605,785.66,473.555,-851.485,-660.604,969.284,-1018.263,-746.782,386.35
-384.737,785.158,469.215,-852.659,-658.771,970.372,-1019.675,-749.045,386.034
-384.691,785.975,474.626,-852.794,-658.28,975.017,-1019.872,-747.289,392.031
-383.549,785.062,473.209,-853.158,-661.547,972.516,-1019.131,-747.339,393.271
-383.991,783.969,474.263,-853.563,-661.532,969.824,-1019.245,-749.229,388.521
-386.476,786.146,472.671,-852.476,-658.251,965.374,-1020.531,-748.602,391.175
-384.339,784.284,479.367,-853.657,-659.314,975.522,-1018.421,-749.087,395.477
-385.102,785.871,479.71,-852.27,-657.748,974.838,-1020.667,-747.773,393.169
-385.653,786.107,480.442,-851.575,-657.032,972.656,-1021.242,-747.26,394.325
-383.83,786.144,482.24,-851.226,-659.514,974.216,-1019.066,-747.711,393.718
-382.06,785.424,481.121,-850.976,-660.25,968.85,-1019.168,-747.093,392.121
-386.935,784.231,478.441,-855.027,-659.434,977.02,-1021.102,-749.84,391.388
-383.854,786.535,476.999,-851.9,-659.126,978.611,-1020.519,-747.313,387.057
-382.88,786.619,475.61,-851.696,-660.347,972.388,-1018.437,-747.118,384.914
-383.617,785.706,468.96,-852.155,-659.92,966.347,-1019.098,-747.715,387.532
-385.489,784.535,471.691,-852.904,-660.166,967.678,-1019.781,-749.179,386.184
-383.329,784.151,476.407,-853.697,-661.636,968.587,-1019.234,-748.566,384.295
-383.271,784.555,475.093,-852.758,-660.066,970.254,-1019.985,-748.914,383.073
-384.966,786.025,472.805,-853.224,-660.663,964.658,-1020.152,-748.988,381.926
-386.537,785.065,469.941,-851.171,-658.61,960.57,-1023.078,-749.364,383.482
-384.474,788.204,478.594,-850.228,-659.151,967.596,-1022.042,-746.006,384.634
-384.38,786.021,475.581,-852.662,-657.904,966.597,-1020.543,-748.111,385.104
-383.199,786.893,479.406,-850.481,-659.634,974.314,-1020.51,-746.837,387.391
-384.842,785.784,476.342,-853.207,-658.402,970.711,-1019.568,-748.644,386.978
-383.08,786.618,476.64,-851.306,-660.91,971.474,-1020.112,-746.81,382.969
-385.082,784.435,475.032,-854.97,-660.114,974.688,-1019.848,-748.702,386.524
-383.639,784.444,473.607,-852.377,-660.556,972.089,-1018.778,-748.577,382.805
-383.75,786.011,472.022,-853.145,-660.847,975.677,-1020.45,-746.644,385.886
-386.134,786.254,475.718,-853.21,-658.659,972.187,-1021.817,-748.122,385.097
-384.777,785.878,474.229,-852.26,-658.615,974.113,-1021.728,-748.357,383.541
-384.851,785.361,473.741,-852.708,-657.75,966.36,-1020.515,-749.525,385.329
-384.37,785.615,475.605,-851.793,-659.156,968.84,-1020.519,-747.936,382.378
-385.538,786.438,478.433,-852.049,-656.557,972.255,-1021.289,-749.598,390.105
-384.302,785.486,477.004,-851.76,-658.566,974.111,-1020.134,-748.322,387.38
-383.104,785.275,473.95,-850.879,-659.845,970.176,-1020.292,-748.189,387.549
-384.706,784.897,478.013,-852.252,-658.432,973.187,-1019.864,-749.12,390.196
-382.993,786.153,475.688,-851.028,-657.763,971.811,-1020.448,-747.564,387.4
-384.059,783.616,474.279,-853.102,-659.903,975.337,-1020.126,-749.94,384.556
-384.361,784.295,477.779,-852.046,-658.557,970.558,-1019.277,-748.782,382.674
-382.255,782.381,473.042,-853.119,-660.618,967.728,-1016.714,-750.996,382.789
-383.589,783.224,474.34,-852.503,-660.337,964.162,-1019.564,-750.93,384.883
-383.162,784.376,478.142,-852.064,-659.862,970.232,-1019.72,-749.628,384.773
-382.249,784.657,476.506,-851.761,-659.579,967.774,-1018.624,-748.044,383.603
-384.373,784.186,472.953,-853.288,-659.527,959.436,-1019.063,-749.933,377.36
-384.504,785.322,473.602,-851.183,-660.052,960.154,-1019.966,-748.084,379.554
-384.246,784.016,470.155,-850.821,-665.328,959.591,-1020.111,-748.77,376.197
-385.146,784.615,469.18,-852.97,-660.657,960.724,-1019.941,-749.894,378.613
-384.114,784.163,470.723,-851.868,-661.211,968.032,-1019.231,-748.646,378.906
-384.772,784.378,474.405,-852.164,-663.752,963.839,-1018.881,-748.914,383.682
-385.498,785.914,471.007,-850.862,-660.083,962.896,-1020.463,-747.746,380.286
-383.762,784.475,471.024,-852.489,-660.674,959.282,-1019.538,-748.532,380.52
-381.709,786.845,476.608,-848.405,-661.926,963.427,-1018.602,-745.396,383.201
-382.964,785.652,469.956,-850.749,-662.09,962.809,-1018.763,-747.368,378.882
-382.988,784.63,469.065,-849.697,-660.288,956.795,-1019.1,-747.742,378.35
-382.591,785.958,470.528,-849.089,-661.047,968.932,-1018.356,-745.407,379.379
-382.064,785.881,471.99,-850.121,-659.728,957.883,-1018.321,-748.064,381.235
-383.137,784.983,471.496,-851.268,-660.406,960.869,-1018.312,-748.491,385.542
-383.352,784.562,465.385,-851.897,-659.483,956.675,-1018.504,-749.869,379.026
-384.071,785.387,470.786,-851.776,-658.629,956.675,-1020.181,-749.015,380.68
-383.823,784.502,471.095,-851.826,-658.938,958.138,-1018.859,-748.506,377.766
-384.916,784.963,473.251,-852.373,-658.958,955.926,-1021.77,-749.551,383.806
-384.672,785.03,470.08,-850.51,-660.528,958.602,-1020.325,-748.352,378.212
-384.257,783.877,468.49,-851.814,-660.118,957.171,-1019.349,-749.098,376.32
-387.493,786.52,472.348,-852.384,-658.541,959.447,-1023.548,-748.419,376.913
-383.468,785.1,467.041,-851.272,-661.726,956.897,-1019.087,-747.69,375.527
-382.451,784.799,468.605,-850.494,-661.849,954.526,-1018.647,-747.661,374.61
-381.09,784.1,471.413,-851.086,-661.693,958.25,-1017.582,-748.733,381.966
-382.39,783.896,475.457,-851.161,-662.181,960.681,-1016.879,-748.802,388.98
-382.71,784.914,476.536,-851.102,-661.522,960.254,-1018.629,-748.463,386.51
-382.982,785.582,476.823,-850.982,-661.207,960.594,-1018.905,-747.344,386.213
-382.429,785.609,473.93,-851.059,-659.645,960.837,-1018.537,-747.491,383.115
-384.424,785.716,478.483,-853.135,-659.21,960.009,-1020.454,-748.18,384.739
-383.127,784.275,478.516,-852.982,-662.496,960.862,-1019.389,-747.912,389.771
-384.779,784.655,472.582,-852.408,-660.976,961.064,-1020.128,-748.25,382.943
-386.122,784.364,469.716,-852.977,-661.09,960.017,-1018.491,-749.354,385.282
-383.971,785.875,469.556,-850.826,-659.221,958.831,-1019.733,-746.888,377
-383.049,785.519,476.051,-851.471,-661.37,962.587,-1019.851,-745.485,377.523
-384.222,784.356,477.018,-853.663,-659.955,962.426,-1021.722,-747.734,382.254
-382.402,785.349,477.132,-850.881,-661.449,963.321,-1018.681,-747.375,382.717
-384.126,784.742,476.131,-852.456,-659.447,968.746,-1017.087,-749.038,382.596
-380.203,784.389,475.471,-850.542,-660.723,964.616,-1016.577,-747.803,380.089
-381.393,785.211,471.455,-849.969,-660.384,965.977,-1018.889,-749,386.092
-378.728,786.314,473.187,-847.953,-662.606,968.547,-1015.838,-747.442,382.567
-381.596,786.052,472.541,-849.27,-659.574,964.756,-1018.684,-747.646,382.141
-383.824,784.877,472.438,-852.109,-658.811,964.501,-1019.758,-749.01,384.117
-383.251,786.586,476.45,-850.608,-659.135,966.706,-1020.279,-745.835,383.615
-382.414,783.919,476.373,-852.371,-660.999,964.297,-1019.219,-748.239,382.318
-381.582,783.572,474.407,-851.938,-662.11,959.988,-1017.953,-747.448,379.738
-382.624,783.441,474.755,-853.562,-662.209,959.291,-1018.081,-748.41,383.552
-382.552,783.667,471.117,-852.958,-661.221,960.008,-1017.934,-749.868,381.386
-382.853,784.777,471.834,-851.44,-661.503,962.637,-1018.704,-747.985,383.337
-382.216,786.035,472.495,-850.438,-660.673,963.052,-1018.791,-746.396,379.572
-382.906,784.896,473.923,-850.383,-660.616,960.042,-1018.35,-746.901,378.97
-383.23,784.9,473.971,-850.785,-661.171,964.886,-1018.901,-747.765,380.668
-382.656,786.426,475.747,-851.494,-659.738,970.584,-1019.52,-747.257,385.643
-381.613,783.934,475.508,-852.664,-661.181,969.721,-1017.064,-748.92,386.726
-382.894,786.003,476.549,-849.707,-662.237,972.392,-1018.756,-746.909,386.771
-384.189,784.348,478.772,-851.32,-659.624,963.474,-1018.791,-748.126,384.748
-383.916,784.4,474.88,-851.479,-659.127,958.529,-1018.73,-748.192,383.018
-381.995,783.952,475.096,-850.155,-662.405,960.601,-1017.099,-747.311,381.462
-382.047,784.656,468.499,-850.959,-660.867,955.12,-1016.714,-747.474,379.799
-384.44,783.876,469.685,-852.384,-659.934,954.082,-1017.608,-749.407,380.107
-382.738,783.294,479.606,-853.134,-661.923,962.992,-1017.487,-748.359,385.269
-379.916,785.164,480.167,-850.29,-661.85,961.528,-1016.679,-746.56,384.749
-381.225,783.966,473.338,-849.77,-660.675,953.894,-1015.952,-747.45,382.86
-383.485,784.503,473.89,-852.64,-659.073,960.701,-1018.043,-748.359,385.95
-380.805,783.403,473.805,-851.938,-661.926,959.018,-1015.59,-748.511,379.279
-384.114,783.908,467.888,-852.183,-659.411,964.349,-1020.208,-749.21,382.311
-381.728,785.066,475.267,-851.159,-659.767,962.694,-1019.678,-747.401,383.942
-382.961,785.684,472.939,-850.315,-661.23,960.498,-1019.227,-746.313,384.464
-385.836,785.842,475.802,-852.02,-658.604,960.798,-1020.919,-748.554,388.449
-384.231,785.392,474.854,-850.801,-660.525,959.63,-1020.721,-746.931,388.981
-384.217,786.465,473.068,-849.827,-660.18,959.052,-1020.914,-746.468,385.47
-384.98,785.437,473.463,-852.694,-659.562,959.029,-1019.446,-747.465,379.698
-385.79,788.54,473.443,-850.296,-658.207,955.034,-1023.493,-746.129,378.429
-383.567,789.092,482.958,-848.702,-661.895,955.584,-1019.316,-745.446,382.29
-387.309,786.287,471.792,-851.424,-658.938,951.669,-1022.466,-746.649,379.701
-387.23,786.42,475.014,-852.079,-659.383,955.711,-1023.048,-747.182,381.517
-385.439,785.083,473.013,-851.895,-660.629,954.264,-1021.751,-747.001,382.533
-383.826,784.379,468.702,-852.633,-660.073,961.837,-1017.851,-749.61,382.963
-384.231,784.364,473.047,-851.943,-659.791,955.079,-1019.127,-748.639,378.397
-384.158,786.346,471.576,-849.555,-658.288,948.396,-1020.124,-746.843,382.68
-386.203,783.92,472.732,-853.868,-658.677,955.663,-1021.066,-749.723,380.023
-385.623,784.936,472.924,-853.268,-658.112,955.221,-1021.097,-748.279,378.53
-385.216,785.935,469.585,-851.275,-659.85,957.766,-1021.948,-746.976,381.055
-384.154,783.73,467.356,-853.025,-661.192,962.111,-1018.538,-748.191,378.396
-386.152,786.305,469.528,-851.754,-659.655,962.325,-1020.642,-746.784,377.617
-385.757,785.086,469.28,-851.853,-659.103,964.142,-1021.722,-746.511,381.046
-383.714,784.759,470.439,-851.485,-658.438,954.26,-1018.33,-748.423,378.433
-385.012,783.794,469.825,-851.632,-658.41,958.87,-1020.482,-748.966,379.047
-385.917,784.676,469.156,-853.121,-658.731,957.966,-1021.18,-748.235,379.745
-386.974,785.503,468.892,-852.852,-658.743,964.894,-1020.426,-748.585,378.207
-383.090328030349,782.396237982938,485.711418793549,-853.179,-659.815,959.485,-1019.87,-747.832,380.452
-388.02834896438,787.36905641042,488.775730895444,-854.056,-660.296,958.91,-1020.414,-749.215,381.209
-382.782760645624,785.167132118923,480.731194665819,-852.932,-658.859,962.198,-1020.641,-748.631,383.81
-387.758859939717,785.717538128374,468.798614408205,-853.061,-659.686,952.43,-1020.251,-748.128,377.12
-381.078358573994,788.469974159338,480.18660909778,-852.664,-659.509,956.757,-1021.206,-748.111,378.77
-382.303221716179,782.759134453889,488.777384648572,-852.757,-659.576,959.367,-1020.153,-746.993,380.771
-388.108677248122,784.17153544851,490.062199557387,-853.943,-659.788,958.468,-1019.797,-749.175,380.156
-384.406,783.703,470.427,-853.534,-660.119,960.031,-1020.065,-748.367,379.216
-383.984,784.027,471.228,-853.209,-661.281,964.077,-1019.909,-748.142,381.262
-383.546,783.8,469.483,-852.657,-661.138,958.889,-1020.354,-748.339,383.981
-384.946283712286,786.932632295614,484.732771771221,-852.425,-659.72,954.069,-1020.524,-747.72,378.477
-388.076064446935,788.721540860293,488.502069671459,-850.807,-661.484,959.818,-1019.864,-745.634,378.849
-386.460900442149,785.358456721386,469.472985406698,-852.021,-659.614,960.851,-1021.104,-746.197,380.411
-388.067329347185,785.917562349234,492.315305501811,-852.664,-661.364,959.352,-1019.564,-747.583,386.17
-386.291785823514,787.172144432105,475.501081462124,-854.443,-660.681,962.374,-1019.696,-748.539,386.116
-380.952128120038,788.567861737692,491.886325053161,-853.133,-658.922,960.99,-1019.281,-748.569,390.204
-387.59988976081,787.721784241001,494.175053970365,-851.863,-658.635,965.629,-1020.053,-747.298,385.511
-385.076,784.178,472.837,-854.462,-659.41,966.642,-1020.827,-748.663,384.588
-381.952,786.246,472.51,-849.869,-660.498,960.296,-1018.32,-745.522,385.618
-381.943,785.225,470.074,-851.557,-660.528,965.554,-1019.112,-746.806,387.171
-387.763573421951,785.586592005565,487.811979922729,-849.75,-660.686,972.551,-1018.481,-746.165,390.075
-387.209913869289,782.882018816149,493.407101523027,-850.621,-660.975,971.522,-1018.735,-746.398,390.783
-381.80343601309,789.812187881932,470.087363713474,-853.637,-659.124,968.179,-1020.491,-748.752,391.74
-383.880639714245,785.041613971098,492.917997194734,-852.682,-660.118,958.773,-1019.648,-749.866,386.154
-383.109837980556,783.553969337152,489.525147371309,-851.727,-659.814,952.274,-1021.318,-749.249,386.371
-385.597337653657,786.352425544951,486.060869149509,-850.501,-661.858,960.424,-1019.667,-746.234,381.819
-385.82635063308,786.488607530242,489.190255461477,-852.134,-660.33,957.151,-1021.497,-747.684,380.473
-384.101,784.876,471.471,-851.983,-661.215,961.999,-1020.09,-747.402,383.065
-383.942,784.668,471.92,-852.12,-659.945,957.509,-1020.554,-746.687,378.71
-384.02,784.475,474.296,-852.89,-660.637,957.199,-1018.294,-747.998,381.498
-382.128,786.622,471.932,-850.275,-659.368,956.959,-1018.411,-746.196,382.248
-382.767,787.07,475.455,-849.738,-659.078,963.693,-1020.81,-745.398,384.709
-382.018,786.351,476.44,-849.25,-660.853,960.665,-1019.253,-744.585,381.164
-381.812,786.13,468.438,-848.52,-658.342,950.551,-1019.286,-746.681,379.67
-382.122,784.911,472.875,-849.749,-660.115,953.117,-1019.163,-746.817,384.667
-384.537,787.123,470.43,-850.487,-659.354,960.007,-1020.832,-745.795,385.919
-386.076,785.024,465.343,-852.884,-659.215,958.231,-1021.593,-748.422,378.926
-380.117,786.229,480.052,-850.55,-661.277,958.817,-1021.082,-747.132,376.659
-381.772,785.571,483.787,-849.976,-659.681,956.907,-1021.019,-748.275,384.97
-383.233,784.844,483.971,-851.317,-659.519,960.111,-1020.555,-747.889,383.462
-384.387,784.822,480.067,-852.509,-658.837,967.798,-1021.496,-747.63,387.827
-382.041513391344,784.661764726417,467.609589993419,-848.968,-659.17,963.292,-1019.453,-745.154,388.791
-384.041923059019,785.306620657845,487.144111476461,-848.884,-660.456,964.573,-1018.736,-745.316,391.797
-384.435740192466,785.106581426662,472.30274050028,-850.206,-660.6,965.592,-1019.883,-745.464,387.33
-386.637980342032,789.744672438215,475.749203427422,-850.054,-660.834,962.348,-1019.336,-746.027,388.84
-386.487324786192,789.512299208171,469.132469187288,-850.403,-658.495,964.219,-1022.162,-746.659,393.293
-385.842754741737,783.945584287078,474.243242247596,-849.004,-658.935,961.971,-1020.233,-745.978,386.92
-384.816491612482,784.337441175565,478.693098978408,-849.896,-658.575,964.556,-1021.382,-745.865,386.072
-384.52,786.673,476.917,-850.953,-658.688,963.325,-1021.004,-745.825,382.876
-384.112,787,474.965,-850.168,-657.361,957.193,-1021.188,-746.978,384.545
-381.815,787.914,475.399,-848.255,-659.847,954.218,-1018.81,-745.376,382.991
-383.858,787.885,476.112,-848.756,-659.502,960.702,-1020.115,-745.665,384.295
-382.733,788.387,478.458,-848.024,-659.369,961.485,-1020.344,-743.555,384.26
-382.619,787.433,473.803,-849.97,-657.472,956.965,-1020.029,-746.764,382.226
-383.719,786.52,474.6,-850.455,-659.617,958.88,-1020.284,-746.421,380.474
-383.356,786.541,472.287,-851.984,-657.57,960.467,-1019.321,-747.687,379.349
-382.886,785.909,475.493,-851.541,-658.654,965.878,-1020.008,-748.344,384.963
-382.575,785.39,476.919,-852.196,-658.862,965.055,-1019.32,-748.127,388.218
-381.398,785.446,477.126,-852.456,-660.029,965.389,-1018.211,-748.073,385.725
-383.268,786.087,475.222,-851.499,-657.562,964.352,-1020.465,-748.004,385.276
-387.264775091225,784.874141557764,484.890401585896,-850.766,-657.737,964.38,-1020.685,-747.078,388.831
-385.02100933252,786.355142426033,479.391947480961,-854.652,-656.723,969.219,-1020.472,-750.304,382.967
-383.455413088209,787.785153557837,470.467496797455,-853.021,-657.781,964.956,-1020.737,-748.892,383.344
-387.907266403557,786.562985151548,483.593464409485,-852.141,-657.471,962.308,-1021.128,-747.95,378.499
-382.662896433936,783.663634533071,484.043544708245,-850.262,-656.266,961.179,-1022.535,-747.337,384.431
-380.150434946153,784.936758301622,478.984884631285,-852.072,-656.222,963.021,-1020.182,-748.291,383.775
-386.895046011808,787.992519041952,494.19096245264,-851.415,-657.734,968.368,-1021.389,-746.937,386.925
-382.611,789.358,475.795,-848.96,-657.221,958.771,-1021.025,-745.34,384.1
-384.418,786.426,477.161,-851.747,-656.622,968.382,-1020.554,-748.256,387.499
-382.655,786.581,479.993,-851.68,-659.873,969.33,-1020.19,-748.366,385.99
-381.349,785.619,478.731,-852.614,-659.271,965.654,-1018.891,-748.152,386.788
-387.345600108622,783.023195030618,474.979957673304,-852.517,-659.449,964.135,-1018.927,-748.698,386.813
-384.190416286488,786.055032462216,481.979952445784,-851.729,-660.391,970,-1019.21,-748.857,384.304
-380.310685063929,784.653489766959,493.760465058429,-852.151,-662.409,963.323,-1017.593,-747.15,384.177
-387.752872760619,785.022571177587,475.141861464573,-850.893,-662.877,969.652,-1019.115,-745.144,389.382
-387.838224918671,786.522026491418,493.124185903662,-850.339,-659.07,961.767,-1019.16,-747.224,380.556
-379.972110086605,788.084152697831,471.059629933473,-850.436,-659.88,970.48,-1018.761,-747.813,385.323
-380.925092659143,786.598822727923,484.334796198377,-851.384,-659.423,973.923,-1019.148,-746.901,390.82
-382.516,784.25,478.796,-852.841,-658.964,968.91,-1019.069,-750.511,390.387
-381.402,785.756,483.054,-851.424,-659.183,967.774,-1018.572,-749.565,392.595
-382.535,785.839,481.098,-850.909,-660.612,969.149,-1018.622,-747.893,389.228
-383.669,787.069,478.976,-849.548,-659.565,969.822,-1020.73,-746.421,389.792
-384.66,784.983,472.889,-853.429,-658.3,966.645,-1020.248,-749.774,382.283
-387.872919671398,782.581812416325,471.798770979804,-852.555,-660.465,963.714,-1021.296,-749,387.171
-387.103437215455,788.793371856203,472.330816942623,-851.777,-659.59,964.892,-1021.147,-748.027,380.166
-385.1489051821,782.922397177686,474.339384161466,-851.835,-660.072,961.734,-1020.35,-747.963,379.095
-381.671734658697,783.841659646434,465.716280002421,-851.937,-660.536,962.171,-1019.107,-747.15,382.097
-384.479770946989,784.464941565385,470.777870104963,-852.124,-659.688,959.526,-1019.83,-748.553,377.591
-388.215270248929,784.309879685194,468.043802712527,-850.357,-659.93,952.144,-1020.174,-746.283,382.079
-384.944423789665,783.957389906589,487.781515470206,-849.012,-660.501,953.05,-1020.385,-746.126,381.441
-384.388,783.634,471.168,-852.341,-661.073,953.893,-1019.985,-750.531,381.936
-384.283,785.409,474.351,-850.932,-659.973,956.317,-1020.498,-748.65,380.354
-381.314,784.66,474.96,-850.234,-661.23,950.969,-1018.532,-748.903,382.001
-383.409,784.085,478.423,-852.579,-660.885,956.513,-1018.894,-748.144,383.751
-383.6,784.226,474.572,-851.571,-660.169,955.379,-1018.883,-749.303,383.655
-383.737,784.771,473.025,-851.899,-658.729,954.894,-1019.934,-748.906,384.518
-385.196,784.628,474.66,-852.669,-657.379,954.656,-1020.233,-750.845,382.533
-384.523,785.009,474.343,-851.987,-659.07,956.848,-1019.479,-748.938,385.817
-386.925,785.386,472,-853.142,-656.677,957.905,-1021.69,-750.556,386.567
-384.635,785.417,476.796,-851.457,-659.419,956.072,-1019.594,-748.272,386.69
-383.666,786.884,479.125,-850.913,-657.499,957.769,-1022.314,-747.682,388.076
-382.289,786.843,482.618,-850.365,-659.725,958.835,-1019.874,-747.486,388.795
-382.05,785.423,481.517,-850.74,-660.436,956.232,-1018.209,-749.114,391.007
-384.064098025929,786.177173254784,482.01739567633,-849.995,-661.094,961.662,-1018.401,-746.232,390.806
-382.401865449113,786.434568675989,473.64017880158,-851.756,-659.494,959.203,-1018.262,-749.276,383.554
-380.56845570007,787.194547982483,480.861216836307,-850.58,-659.952,954.449,-1017.471,-748.573,384.858
-385.825427253136,786.604748551023,488.347893298307,-850.063,-659.098,957.767,-1020.294,-747.289,389.823
-380.746145716817,786.176645854813,493.188294992649,-852.795,-660.659,955.582,-1019.384,-750.46,387.231
-378.895847677343,785.088435563967,479.8642627906,-854.496,-661.498,961.365,-1018.696,-750.764,385.914
-385.462567108843,788.674690673132,471.934964217898,-851.038,-661.097,956.773,-1018.904,-747.528,387.708
-382.406,787.881,472.177,-848.891,-659.53,952.955,-1020.491,-745.49,386.664
-384.104,785.341,471.584,-853.797,-658.327,952.4,-1021.129,-750.073,378.461
-383.557,786.294,476.195,-852.623,-659.869,959.65,-1020.562,-748.382,387.062
-382.978,788.406,483.733,-850.459,-659.85,957.349,-1019.424,-746.777,391.709
-384.411,786.348,480.758,-852.092,-658.686,959.324,-1020.145,-748.761,387.194
-383.121,785.549,478.101,-851.855,-658.311,958.023,-1018.99,-748.047,386.543
-382.588,786.338,476.948,-851.689,-658.468,965.31,-1018.297,-747.483,386.135
-384.981,785.34,479.526,-851.745,-658.172,965.964,-1021.988,-748.559,387.666
-382.492,783.68,481.388,-851.13,-660.538,966.066,-1018.878,-746.423,385.478
-382.512,786.383,486.45,-850.294,-659.762,968.793,-1018.861,-747.4,391.438
-382.035,786.079,482.463,-851.101,-658.793,967.919,-1017.851,-747.852,391.854
-384.344,785.047,480.51,-852.426,-657.298,963.001,-1020.747,-749.479,392.149
-384.264,784.597,480.659,-853.325,-658.976,969.064,-1020.061,-749.229,389.882
-383.275,786.21,479.317,-850.991,-659.827,968.09,-1020.767,-747.377,386.441
-383.33,785.986,487.099,-851.492,-659.621,969.781,-1019.983,-748.648,391.538
-381.585,785.216,483.998,-851.033,-662.264,965.286,-1019.542,-748.022,394.565
-382.897,785.244,482.868,-851.872,-660.43,964.881,-1020.147,-749.983,393.945
-384.913,783.982,478.637,-855.4,-657.797,970.815,-1020.602,-751.671,393.264
-382.503460828677,783.407811536264,489.385758763424,-853.161,-659.094,967.644,-1021.27,-748.987,391.348
-387.197056881774,789.271991909796,489.21961438284,-850.299,-658.975,965.104,-1019.861,-747.056,386.136
-386.774266275282,782.52401725659,475.685516958388,-851.388,-658.976,968.231,-1020.582,-748.36,388.751
-387.273703607128,786.237667614273,471.126710888395,-851.633,-660.404,972.092,-1020.034,-747.35,390.038
-380.593848907588,786.202350644067,476.309088883416,-852.754,-661.31,972.436,-1019.131,-749.032,389.677
-384.570173074049,782.885240408193,485.930514536432,-850.293,-659.978,971.754,-1019.489,-746.606,390.17
-382.768358102628,786.011909855422,467.507978819445,-852.834,-660.493,967.345,-1018.809,-748.562,384.061
-385.432,784.733,478.679,-852.471,-659.329,966.608,-1019.709,-750.187,385.397
-386.033,786.212,484.223,-852.885,-659.583,970.662,-1021.625,-748.033,390.801
-384.994,785.35,481.322,-851.996,-660.189,965.562,-1019.394,-749.112,388.422
-384.572,786.039,480.467,-851.992,-659.261,964.533,-1019.85,-748.085,386.817
-386.015,784.939,477.451,-853.888,-659.935,963.424,-1020.795,-749.513,384.419
-385.478,784.3,477.555,-853.929,-659.493,963.818,-1020.06,-749.925,384.624
-385.578,785.333,481.949,-852.988,-657.856,963.671,-1021.239,-749.947,390.974
-384.367,785.766,476.514,-852.606,-659.028,957.927,-1020.203,-748.126,385.371
-386.973,785.444,475.748,-852.706,-658.526,962.628,-1022.091,-749.562,383.942
-385.403,786.857,477.054,-851.352,-658.358,962.491,-1021.055,-748.079,382.566
-385.176,785.552,482.291,-852.267,-658.154,964.572,-1019.841,-748.443,387.699
-385.782,785,483.132,-852.61,-657.403,967.681,-1020.765,-750.454,389.767
-384.709,787.587,484.996,-850.894,-658.284,964.926,-1019.882,-747.306,386.108
-384.667,784.929,480.378,-853.327,-659.084,964.492,-1019.774,-749.987,387.475
-384.13,785.097,479.27,-851.252,-660.89,967.78,-1019.027,-748.702,384.887
-385.821,783.686,479.778,-854.656,-659.775,967.458,-1020.991,-750.747,389.998
-385.64,785.597,476.753,-851.557,-660.223,960.856,-1020.238,-748.34,383.699
-383.437,782.769,482.11,-851.592,-661.112,961.614,-1019.341,-748.064,385.298
-382.911,785.252,471.408,-851.234,-661.306,961.9,-1018.987,-748.094,380.996
-383.911,786.418,475.196,-850.92,-660.833,964.813,-1020.585,-746.759,383.658
-384.917,784.655,474.836,-852.314,-659.282,964.799,-1020.826,-748.538,382.313
-385.364,786.637,483.026,-851.611,-658.033,960.705,-1022.315,-747.277,389.705
-386.142,787.875,480.094,-851.573,-656.646,965.956,-1022.048,-747.627,390.726
-384.551,786.215,479.696,-851.068,-658.338,966.693,-1020.019,-748.318,389.942
-384.835,786.079,478.311,-850.306,-659.183,964.153,-1020.659,-747.353,390.721
-386.435,786.494,473.521,-851.94,-656.626,962.876,-1021.726,-749.208,386.906
-384.818,788.705,476.455,-850.065,-658.632,969.355,-1021.594,-746.62,388.499
-383.896,789.462,475.493,-848.601,-657.117,966.924,-1021.782,-745.091,386.923
-380.090458663255,787.053755551488,473.979778844078,-848.055,-657.25,964.373,-1022.193,-745.288,385.58
-385.916599345755,785.855647798108,494.298353552353,-851.274,-658.14,962.156,-1021.167,-746.77,388.027
-378.903201660747,783.416711401919,487.352616644651,-851.167,-659.741,961.8,-1021.271,-747.544,388.999
-382.842515820406,786.926925491307,469.728880118288,-851.14,-658.674,962.851,-1022.571,-747.19,387.506
-380.936886888353,783.295269478771,486.731272431731,-851.763,-660.194,958.779,-1022.663,-748.174,381.781
-380.158759940133,786.691647450436,482.173310103972,-852.015,-661.194,955.469,-1021.531,-748.079,378.99
-380.023695170463,785.929078426329,474.919232465071,-851.398,-659.771,959.946,-1023.78,-747.478,382.695
-387.316,785.968,476.312,-853.459,-658.352,962.556,-1022.999,-749.219,383.099
-385.538,785.88,478.343,-852.237,-659.501,962.254,-1020.827,-749.095,386.725
-385.851,787.174,474.169,-851.805,-659.056,960.699,-1022.889,-747.664,388.849
-385.2,786.165,479.012,-853.309,-659.469,960.308,-1022.356,-747.795,384.653
-385.865,785.331,472.845,-854.064,-658.106,954.162,-1022.136,-749.047,381.194
-383.729,785.049,476.119,-852.65,-660.301,959.758,-1019.882,-747.704,382.441
-384.693,785.086,477.994,-853.214,-659.673,959.185,-1020.905,-746.459,384.33
-384.564,785.906,476.04,-852.921,-657.414,958.911,-1022.521,-747.208,384.932
-385.585,786.344,474.771,-852.811,-657.84,963.352,-1022.618,-749.77,385.253
-387.393,786.662,475.526,-853.738,-655.972,961.482,-1023.295,-749.032,384.327
-388.232,785.392,473.413,-853.603,-657.197,958.243,-1023.427,-750.314,384.981
-388.313,786.979,476.004,-851.618,-657.788,962.364,-1023.306,-748.39,387.433
-384.498,785.369,472.638,-852.147,-658.857,962.654,-1021.312,-747.844,380.211
-384.482,784.627,477.893,-853.454,-658.329,963.827,-1021.167,-749.251,388.377
-382.085,786.626,480.37,-850.164,-659.17,960.247,-1019.663,-747.131,386.775
-383.343,786.534,481.1,-850.872,-656.526,956.814,-1020.29,-748.45,388.29
-383.687,786.011,480.039,-851.782,-656.823,962.491,-1020.626,-748.991,391.99
-383.365,785.845,484.64,-850.932,-659.16,962.955,-1019.83,-748.243,390.594
-383.876,786.171,488.315,-850.531,-658.559,968.524,-1020.781,-747.689,396.181
-384.79,786.994,486.907,-851.503,-656.455,964.457,-1022.079,-747.826,392.945
-384.754,785.778,483.875,-851.966,-656.449,965.305,-1021.732,-749.609,395.2
-385.493,784.473,482.077,-852.653,-657.758,968.602,-1021.154,-749.74,392.555
-384.753,783.298,486.261,-852.919,-657.636,969.291,-1020.19,-750.031,392.656
-385.125,785.317,485.637,-852.448,-657.479,975.668,-1020.814,-749.051,392.134
-384.875,784.147,484.001,-853.548,-656.154,973.395,-1020.028,-750.817,389.431
-382.513,784.667,488.037,-852.85,-658.434,966.667,-1019.13,-749.679,393.661
-383.803,785.279,487.276,-851.607,-658.018,966.029,-1019.429,-749.555,392.459
-384.33,785.795,475.195,-850.671,-658.835,964.404,-1019.582,-748.821,389.06
-383.866,785.198,482.825,-851.175,-658.267,962.301,-1020.568,-748.309,388.415
-383.134,784.66,480.186,-851.269,-659.564,960.638,-1020.043,-749.169,388.464
-383.256,786.709,479.465,-850.14,-658.734,966.505,-1019.728,-747.048,387.647
-384.279,785.868,482.247,-850.165,-658.957,966.096,-1021.378,-747.869,392.564
-386.051,786.493,483.582,-850.875,-658.674,967.663,-1021.46,-747.727,386.236
-384.703,786.753,482.68,-852.995,-658.843,966.974,-1021.101,-749.199,387.59
-385.742,782.868,489.62,-851.266,-658.746,965.174,-1020.289,-748.051,387.37
-385.32,783.381,479.345,-854.4,-658.773,963.551,-1020.085,-750.669,384.97
-382.699,783.133,482.559,-852.315,-660.667,967.758,-1020.106,-749.288,393.585
-385.773,785.197,477.073,-853.402,-660.725,960.382,-1021.357,-750.632,392.704
-385.871,784.478,478.03,-853.31,-658.945,957.981,-1021.612,-750.278,397.386
-383.153,784.569,476.676,-851.644,-659.938,956.523,-1022.757,-747.945,376.262
-383.842,785.217,476.772,-851.875,-660.07,957.167,-1020.914,-746.266,380.652
-383.798,784.114,480.459,-851.621,-661.019,960.139,-1020.353,-747.612,381.998
-383.988,785.876,481.601,-851.02,-660.254,960.905,-1021.223,-747.553,382.459
-386.853,783.824,478.103,-854.348,-657.981,958.173,-1022.648,-749.076,377.906
-385.513,783.332,479.992,-854.798,-659.75,961.412,-1021.508,-749.644,382.461
-384.705,784.304,477.695,-852.512,-659.751,960.078,-1019.371,-748.342,381.795
-386.333,784.238,477.514,-853.539,-658.666,958.664,-1021.818,-750.188,382.432
-384.271,785.069,476.376,-851.641,-660.002,961.568,-1020.507,-748.162,381.476
-385.561,786.671,475.433,-851.237,-657.874,961.979,-1021.483,-746.63,384.676
-386.634,788.152,474.655,-850.609,-655.303,961.84,-1024.917,-747.015,384.334
-384.239,783.366,477.464,-853.825,-660.343,962.639,-1020.944,-749.309,383.274
-384.329,784.381,472.956,-852.283,-661.6,958.164,-1020.492,-748.196,380.406
-384.629,786.565,470.715,-851.495,-660.269,957.824,-1022.568,-747.373,385.1
-386.214,784.875,473.047,-853.669,-660.376,961.32,-1023.306,-748.86,382.294
-385.143,785.07,474.334,-852.746,-660.527,959.222,-1020.054,-746.455,376.432
-385.127,784.163,472.339,-852.864,-659.93,961.975,-1020.892,-748.881,378.574
-385.187,783.489,471.574,-853.626,-660.106,959.949,-1019.947,-749.428,377.542
-383.718,785.631,476.72,-851.955,-661.853,961.894,-1018.449,-746.585,380.58
-385.219,785.828,474.004,-852.285,-660.407,957.21,-1021.404,-747.943,382.029
-384.083,786.088,473.585,-851.511,-660.58,958.204,-1020.876,-746.575,383.604
-383.51,785.417,473.588,-853.821,-660.358,960.122,-1018.866,-747.732,383.092
-385.294,785.183,475.994,-853.208,-660.145,961.879,-1021.176,-748.624,391.384
-383.363,787.69,486.01,-853.011,-658.124,968.48,-1021.027,-747.534,387.469
-383.8,783.629,480.264,-854.537,-659.998,970.647,-1019.406,-748.351,387.818
-382.589,783.868,477.201,-853.952,-658.468,962.398,-1019.573,-749.881,389.143
-384.378,783.101,476.862,-854.847,-658.17,963.157,-1020.507,-750.662,385.657
-383.389,784.244,476.237,-852.948,-658.308,963.09,-1020.223,-750.033,384.685
-382.772,784.623,475.412,-852.474,-658.918,963.775,-1019.095,-749.237,381.926
-383.697,785.158,476.152,-851.967,-658.189,964.73,-1019.988,-748.928,382.841
-384.298,785.061,479.1,-853.62,-658.363,969.431,-1021.355,-748.852,386.147
-382.629,784.051,478.047,-852.851,-659.044,965.982,-1017.899,-749.814,382.662
-382.28,784.643,481.992,-851.583,-657.299,967.364,-1018.259,-749.948,388.395
-382.711,783.901,479.856,-853.45,-657.012,970.959,-1019.438,-749.891,390.787
-380.951,784.057,480.059,-851.792,-659.873,968.763,-1019.408,-748.326,387.46
-382.466,784.943,480.282,-850.789,-660.338,972.596,-1018.466,-748.376,389.165
-382.366,785.154,481.648,-851.123,-658.64,974.578,-1019.124,-748.093,390.905
-383.407,784.573,482.052,-852.396,-657.666,982.224,-1019.097,-749.948,391.434
-384.041,785.044,478.232,-853.059,-655.888,985.85,-1019.617,-750.944,384.169
-380.941,785.602,481.271,-852.052,-659.631,986.192,-1017.402,-748.446,391.332
-380.765,786.359,486.681,-850.928,-659.331,977.312,-1018.251,-747.137,387.99
-379.839,786.927,484.887,-849.871,-659.191,977.737,-1018.401,-747.035,390.508
-381.565,786.12,487.694,-850.787,-658.94,975.53,-1019.88,-747.983,392.759
-382.407,785.165,485.985,-851.431,-657.041,966.765,-1019.256,-749.99,386.568
-380.283,785.69,479.921,-851.382,-659.474,967.97,-1017.337,-748.628,384.261
-383.608,784.755,481.519,-852.718,-659.357,967.971,-1019.68,-750.092,386.163
-384.354,783.932,479.629,-853.239,-659.562,965.795,-1018.136,-750.622,382.667
-383.518,785.63,483.053,-852.738,-658.095,967.803,-1020.205,-750.061,382.31
-381.63,784.777,481.439,-850.726,-659.01,965.946,-1019.265,-747.989,384.008
-385.643,783.513,470.61,-854.775,-657.443,965.635,-1020.61,-750.957,383.974
-383.972,785.567,473.519,-851,-657.217,967.827,-1021.298,-748.253,384.881
-385.756,784.443,472.578,-853.128,-657.867,970.34,-1021.747,-750.182,384.62
-382.797,785.301,472.281,-851.832,-658.247,971.28,-1019.815,-747.472,379.669
-382.731,785.244,473.437,-851.025,-659.247,965.876,-1019.47,-748.533,382.108
-382.085,785.431,475.413,-850.021,-658.168,962.057,-1019.166,-747.984,384.66
-380.977,785.463,477.197,-850.663,-658.338,964.795,-1018.872,-747.473,384.952
-381.976,786.166,475.507,-850.673,-656.093,958.827,-1020.595,-747.779,383.221
-381.936,784.977,481.396,-850.251,-658.478,960.512,-1019.05,-747.238,386.053
-381.574,784.11,478.738,-849.789,-657.966,956.829,-1018.586,-749.192,382.57
-384.71,784.397,475.299,-851.93,-657.218,959.128,-1019.781,-749.687,381.637
-382.32,785.725,478.945,-849.578,-658.301,962.292,-1018.32,-747.236,381.537
-381.344,784.325,480.253,-850.05,-658.823,958.634,-1016.604,-748.105,384.054
-381.003,786.301,480.492,-849.894,-657.726,964.796,-1017.261,-748.64,380.572
-379.924,786.703,486.678,-850.569,-657.677,967.831,-1017.423,-748.254,388.722
-380.974,784.47,486.312,-850.091,-657.151,965.924,-1017.375,-749.299,388.612
-381.097,784.861,486.416,-849.178,-657.45,965.886,-1017.899,-748.969,391.014
-382.468,786.423,489.204,-847.638,-659.544,982.346,-1019.393,-748.186,391.439
-382.9,784.921,488.278,-851.132,-657.012,973.334,-1019.751,-749.261,388.402
-380.116,784.747,488.027,-849.13,-658.468,965.327,-1016.696,-748.383,388.385
-379.318,783.72,486.36,-849.709,-660.557,969.352,-1016.143,-748.227,387.377
-382.007,784.353,485.082,-850.722,-658.028,967.77,-1018.174,-749.224,387.831
-381.69,784.947,486.136,-849.913,-659.604,965.396,-1017.913,-748.91,388.597
-381.345,784.527,485.838,-849.88,-658.414,967.211,-1017.444,-748.66,379.942
-382.188,784.155,486.133,-849.827,-661.219,974.697,-1017.439,-747.814,381.742
-381.872,783.906,480.527,-851.726,-659.912,962.864,-1017.371,-750.307,380.243
-380.106,784.515,480.846,-850.144,-659.661,969.134,-1018.018,-749.201,387.619
-381.873,782.569,479.63,-852.16,-660.367,962.551,-1017.634,-749.534,390.895
-378.852,783.341,485.397,-849.785,-663.781,960.878,-1014.655,-747.998,391.195
-380.903,785.233,479.323,-850.472,-659.248,956.458,-1017.619,-748.721,383.946
-380.767,785.935,479.255,-848.989,-660.956,956.761,-1016.207,-747.509,382.304
-383.576,786.798,478.282,-852.54,-658.93,956.871,-1020.528,-749.967,385.472
-382.591,783.955,477.649,-852.036,-659.322,955.885,-1018.871,-749.247,382.865
-382.473,786.375,479.603,-849.875,-658.277,959.376,-1018.401,-748.437,382.591
-381.944,785.294,486.751,-850.839,-659.323,964.539,-1019.215,-747.753,383.596
-382.943,786.899,481.877,-849.563,-657.879,957.63,-1020.951,-747.305,384.045
-379.967,785.071,485.227,-849.872,-661.31,965.874,-1018.474,-747.467,388.299
-381.779,785.107,484.977,-849.704,-660.038,961.892,-1019.337,-747.344,389.184
-381.602,787.061,482.77,-848.782,-659.83,963.372,-1019.554,-746.665,383.398
-383.591,786.754,479.087,-850.787,-656.751,961.501,-1019.774,-747.928,382.466
-382.017,785.424,484.077,-850.525,-659.502,961.055,-1018.252,-747.729,384.828
-383.319,784.349,484.762,-853.212,-659.345,971.551,-1019.6,-749.117,388.533
-382.69,787.208,484.38,-850.013,-659.586,971.382,-1020.512,-746.573,389.317
-381.426,784.464,486.482,-851.484,-659.891,960.547,-1018.871,-748.203,387.029
-383.084,784.618,481.277,-851.802,-661.443,961.204,-1019.68,-748.008,388.709
-379.826,785.344,483.126,-848.918,-662.743,967.471,-1017.425,-744.629,386.163
-381.286,787.711,483.805,-849.477,-660.164,961.099,-1019.017,-745.864,384.19
-381.79,786.082,482.641,-849.404,-660.744,963.259,-1018.348,-746.977,384.991
-381.391,784.83,479.457,-851.283,-659.693,962.872,-1018.06,-748.556,383.879
-381.228,784.563,478.209,-850.865,-660.104,956.942,-1017.336,-748.065,380.463
-381.628,784.476,478.425,-850.688,-661.089,962.253,-1017.801,-747.937,380.621
-382.382,785.34,478.679,-851.565,-660.44,962.595,-1019.818,-747.57,381.499
-383.309,785.705,477.576,-849.952,-659.921,963.999,-1019.659,-748.841,385.601
-382.461,784.998,482.327,-852.184,-661.325,970.08,-1018.462,-747.972,388.376
-381.673,785.75,480.607,-850.326,-661.045,963.811,-1019.777,-747.235,386.591
-382.691,784.95,482.485,-851.047,-658.495,968.842,-1020.186,-748.652,383.339
-381.154,785.625,483.573,-850.772,-658.689,967.684,-1018.352,-747.53,384.839
-379.445,785.785,480.953,-849.057,-660.605,970.585,-1017.774,-746.719,384.821
-379.854,785.395,483.091,-849.403,-660.802,967.803,-1017.555,-747.465,386.464
-379.446,784.233,479.562,-850.132,-659.643,959.933,-1016.375,-748.613,383.496
-380.765,784.652,481.896,-850.004,-658.814,959.569,-1018.752,-749.452,384.481
-380.716,785.429,483.026,-850.609,-658.98,966.145,-1018.48,-748.681,387.64
-381.889,784.817,481.451,-851.443,-660.105,967.359,-1018.331,-749.258,381.709
-382.768,783.626,477.314,-851.549,-659.791,961.006,-1018.52,-749.742,378.801
-382.565,784.959,477.309,-851.128,-659.204,965.397,-1019.951,-748.374,378.685
-381.064,785.451,475.361,-849.715,-659.393,960.367,-1019.787,-747.753,379.353
-381.826,784.687,478.674,-850.683,-660.476,963.846,-1017.812,-748.244,385.639
-382.805,784.852,477.571,-850.338,-657.792,960.293,-1018.259,-748.437,383.512
-381.86,786.333,479.023,-849.856,-659.599,967.026,-1020.093,-746.878,380.486
-383.01,784.651,476.811,-851.165,-661.119,959.652,-1019.499,-748.473,381.812
-385.272,782.938,469.72,-852.701,-658.317,949.279,-1021.407,-749.676,371.343
-383.144,784.634,472.711,-850.066,-659.747,959.011,-1020.311,-747.889,376.907
-382.368,785.804,473.02,-850.311,-658.687,957.556,-1019.689,-747.286,380.394
-382.266,786.875,474.594,-851.708,-659.084,954.716,-1019.693,-748.114,380.941
-382.575,787.588,481.281,-850.159,-659.314,958.075,-1019.619,-747.125,382.068
-380.848,785.252,475.911,-850.001,-659.996,951.073,-1018.048,-747.418,385.47
-383.732,785.246,475.744,-851.13,-657.58,955.214,-1021.527,-748.81,382.542
-384.733,783.474,475.385,-852.101,-658.539,957.36,-1020.587,-748.992,380.169
-384.253,786.039,480.173,-849.163,-658.301,961.347,-1021.399,-747.27,383.968
-383.691,785.378,477.965,-849.194,-659.26,954.99,-1020.094,-747.677,379.336
-384.273,785.22,475.076,-851.121,-660.262,954.733,-1020.511,-748.307,380.951
-384.528,785.378,476.6,-851.072,-658.292,955.131,-1020.098,-748.334,378.162
-384.648,784.754,477.906,-851.771,-658.699,958.476,-1021.098,-749.209,384.186
-384.349,786.341,482.165,-850.642,-658.567,958.647,-1020.661,-748.099,385.455
-382.024,784.321,486.942,-848.613,-661.469,968.517,-1016.784,-746.658,387.871
-381.895,785.798,478.649,-848.259,-660.031,961.259,-1019.205,-746.948,381.86
-384.899,786.346,479.39,-849.357,-658.109,958.314,-1020.713,-747.287,380.881
-382.879,785.623,477.376,-851.071,-658.532,958.344,-1020.864,-748.314,384.627
-383.425,785.084,473.204,-849.516,-658.838,955.999,-1020.016,-748.74,385.202
-385.051,784.613,475.331,-852.388,-658.534,961.28,-1021.696,-749.978,383.764
-385.376,783.837,477.67,-851.644,-657.924,962.777,-1021.175,-749.344,380.935
-386.284,783.182,473.201,-853.511,-659.081,957.8,-1021.156,-751.541,381.34
-384.471,784.165,471.933,-851.467,-660.574,959.791,-1019.633,-750.089,379.477
-384.925,784.8,474.779,-851.384,-660.531,960.991,-1020.338,-749.095,383.615
-384.147,784.832,480.687,-851.612,-659.771,964.67,-1021.728,-748.227,381.39
-382.251,783.382,476.833,-853.582,-661.029,965.096,-1019.333,-749.056,382.556
-386.763,784.021,475.73,-854.567,-660.022,959.495,-1021.185,-749.51,380.627
-384.232,784.302,469.445,-851.57,-661.333,951.438,-1020.42,-748.519,379.803
-380.766,783.938,473.21,-853.446,-661.981,964.188,-1019.618,-747.574,379.872
-381.948,785.836,472.068,-849.267,-660.195,957.541,-1020.458,-746.334,381.146
-383.148,786.753,476.376,-849.754,-659.677,961.571,-1020.904,-746.389,383.239
-385.825,786.464,473.474,-851.832,-657.265,960.733,-1022.528,-748.476,378.713
-384.953,784.397,475.2,-852.912,-660.64,969.932,-1020.754,-748.733,382.447
-384.399,786.761,471.947,-851.099,-658.33,963.699,-1022.651,-746.765,380.989
-383.262,787.835,472.741,-847.454,-657.049,959.928,-1022.463,-745.75,380.618
-385.189,784.789,472.275,-853.524,-657.102,959.74,-1023.619,-750.336,381.294
-383.134,785.19,469.67,-850.963,-658.184,959.179,-1021.213,-748.012,381.291
-380.866,785.797,478.946,-849.109,-660.223,960.938,-1019.063,-746.227,378.969
-382.679,785.524,478.377,-851.149,-659.004,961.087,-1019.716,-747.25,382.227
-381.894,785.855,480.557,-849.986,-660.129,967.412,-1019.441,-746.627,381.991
-382.928,784.032,481.183,-852.874,-660.538,971.566,-1019.199,-748.742,386.202
-383.423,785.413,479.51,-853.146,-659.417,966.311,-1020.934,-748.541,383.88
-381.211,786.398,482.449,-850.235,-660.658,969.391,-1018.176,-747.061,384.858
-382.349,784.349,480.4,-850.888,-660.197,967.038,-1017.789,-748.15,385.841
-384.193,785.732,474.675,-850.604,-658.727,968.189,-1019.806,-747.36,381.884
-382.819,783.556,477.294,-852.434,-661.368,967.644,-1019.48,-748.354,382.174
-384.524,783.152,477.522,-854.338,-659.655,962.936,-1019.942,-749.573,383.325
-384.014,782.676,479.931,-854.262,-660.739,966.409,-1020.153,-750.31,386.612
-382.607,785.705,474.333,-850.87,-660.933,959.555,-1020.308,-747.637,378.294
-382.359,784.768,476.772,-849.61,-660.625,959.936,-1020.321,-747.24,379.988
-385.413,783.677,474.673,-853.191,-659.114,957.095,-1020.958,-748.375,378.761
-382.809,786.116,479.586,-849.655,-659.907,957.078,-1019.639,-745.812,379.148
-382.829,786.046,477.878,-849.76,-659.107,957.353,-1019.948,-746.316,380.305
-382.838,787.21,479.464,-848.774,-661.298,966.572,-1020.935,-743.775,382.692
-382.72,784.893,478.587,-852.005,-660.429,963.493,-1019.96,-748.021,384.802
-383.479,786.623,476.354,-850.296,-658.848,957.548,-1020.808,-747.108,386.109
-383.222,784.073,478.317,-852.405,-659.982,963.73,-1019.595,-749.042,385.297
-383.278,786.195,477.001,-850.811,-658.759,964.803,-1020.99,-746.622,384.479
-383.218,783.538,479.013,-851.972,-660.124,958.622,-1019.454,-749.209,382.295
-384.374,785.235,476.972,-851.765,-657.275,962.328,-1020.128,-748.142,387.527
-383.686,784.059,477.532,-852.266,-657.673,952.15,-1019.993,-749.904,385.77
-383.503,784.127,477.247,-851.287,-660.118,957.899,-1019.936,-749.035,386.942
-384.253,783.781,480.076,-852.468,-657.502,959.456,-1020.571,-749.638,385.124
-386.649,785.891,479.546,-851.412,-655.706,969.252,-1023.137,-749.905,383.271
-383.993,784.376,478.104,-851.697,-657.544,959.863,-1020.397,-749.239,381.835
-383.764,784.851,479.321,-850.782,-660.45,964.674,-1019.724,-747.157,385.969
-384.943,784.63,483.138,-851.77,-660.805,969.518,-1021.65,-748.783,388.155
-384.088,785.281,475.072,-850.024,-660.773,966.353,-1020.471,-747.238,384.319
-382.484,785.618,474.507,-850.267,-660.776,962.031,-1019.713,-747.125,381.135
-382.665,785.474,477.557,-850.332,-662.102,961.374,-1019.29,-746.745,381.964
-383.516,785.069,476.639,-849.953,-659.716,960.399,-1019.805,-746.97,380.031
-383.674,786.023,475.152,-850.498,-659.58,967.973,-1020.995,-748.452,386.081
-382.288,786.278,481.702,-848.062,-660.482,968.694,-1019.391,-746.396,387.454
-380.751,785.907,483.034,-849.068,-661.138,968.033,-1018.571,-746.857,388.69
-381.076,785.186,479.382,-850.387,-660.052,965.477,-1018.837,-748.982,381.444
-381.968,785.023,480.517,-850.877,-660.452,963.118,-1019.175,-748.844,385.514
-381.451,786.873,481.627,-848.66,-660.016,968.282,-1018.34,-746.3,384.796
-381.654,786.897,486.311,-849.501,-660.001,969.226,-1019.724,-745.872,387.604
-381.659,786.672,482.901,-848.529,-658.85,964.42,-1022.166,-745.949,386.263
-384.074,787.134,477.732,-849.465,-657.619,959.663,-1022.451,-746.685,381.606
-384.157,786.047,475.999,-852.341,-659.124,962.636,-1021.312,-747.893,381.965
-383.352,788.209,478.485,-849.651,-657.772,963.733,-1022.28,-746.232,380.348
-384.113,786.466,476.61,-850.894,-661.094,967.207,-1020.747,-746.839,378.953
-382.655,784.511,478.89,-853.48,-661.596,967.318,-1020.696,-748.559,386.121
-383.149,785.347,473.631,-852.589,-660.762,953.948,-1020.931,-748.74,381.745
-383.409,785.607,469.837,-852.435,-661.37,956.611,-1021.103,-747.815,399.479
-386.481,785.584,471.745,-853.098,-658.932,955.02,-1022.958,-747.515,376.963
-385.638,784.955,471.635,-853.838,-655.303,951.231,-1023.765,-749.799,372.395
-384.342,785.037,474.805,-851.461,-660.262,954.138,-1021.751,-749.575,377.732
-384.048,786.294,472.11,-851.91,-661.861,961.682,-1020.768,-748.76,380.227
-385.259,788.895,468.289,-851.588,-660.326,957.112,-1021.57,-748.65,375.661
-384.681,783.149,472.005,-854.349,-659.574,962.859,-1020.271,-750.441,374.848
-384.45,785.067,473.942,-852.027,-657.716,962.94,-1021.344,-749.318,376.62
-386.2,785.37,475.491,-852.972,-655.299,956.306,-1023.166,-750.865,383.397
-383.09,785.685,476.269,-850.976,-658.679,964.513,-1020.701,-748.939,382.27
-384.61,785.515,482.008,-852.7,-656.759,964.089,-1021.555,-748.171,385.421
-385.478,785.889,474.953,-853.234,-657.388,961.29,-1022.043,-749.32,377.68
-383.874,784.707,470.691,-853.764,-657.533,958.794,-1021.795,-749.901,377.466
-383.335,785.249,478.066,-851.823,-657.245,961.573,-1019.85,-749.641,378.36
-382.339,785.295,477.747,-851.127,-657.884,955.725,-1019.969,-749.606,380.834
-381.954,786.422,478.757,-850.434,-658.267,959.535,-1020.423,-747.766,386.082
-384.778,787.21,477.545,-849.993,-657.702,956.366,-1021.763,-747.137,380.775
-384.732,784.871,475.662,-852.482,-658.295,961.291,-1021.703,-749.264,381.573
-383.123,783.992,477.834,-852.165,-660.182,959.629,-1019.786,-750.026,382.864
-382.856,783.584,480.149,-853.011,-658.755,961.749,-1019.505,-751.649,387.762
-383.327,784.786,480.975,-851.029,-658.314,958.395,-1020.314,-750.198,385.712
-382.481,784.931,483.473,-851.773,-657.751,962.039,-1019.411,-749.88,386.034
-383.804,783.089,482.543,-853.71,-659.697,966.662,-1019.334,-751.509,384.278
-383.88,785.499,485.109,-850.789,-658.344,961.251,-1020.63,-749.166,391.783
-380.338,785.549,481.293,-850.37,-660.778,960.759,-1018.018,-747.921,387.516
-381.56,785.732,484.67,-850.77,-659.907,963.707,-1018.869,-748.587,386.766
-384.178,784.869,482.756,-851.309,-657.784,963.529,-1022.198,-750.896,389.32
-382.119,785.559,490.201,-849.198,-658.76,961.565,-1020.051,-746.935,395.022
-382.234,784.678,489.765,-850.971,-659.413,972.659,-1017.352,-749.315,394.238
-381.631,783.76,487.491,-851.281,-660.436,972.339,-1018.482,-750.497,397.438
-381.134,784.402,485.659,-848.879,-660.855,970.287,-1017.547,-749.225,391.189
-383.629,785.84,483.561,-851.381,-657.044,968.224,-1021.3,-749.557,387.5
-381.444,783.795,486.26,-850.899,-658.962,963.088,-1019.391,-750.212,389.101
-382.975,786.265,481.574,-850.656,-658.126,965.543,-1020.545,-749.42,387.293
-383.076,784.8,480.86,-850.189,-658.847,960.542,-1019.878,-748.562,385.517
-384.157,784.721,480.999,-851.747,-658.616,962.943,-1020.473,-749.51,382.465
-383.898,784.834,478.022,-851.323,-657.576,962.581,-1020.814,-750.119,387.614
-385.252,785.912,476.704,-851.055,-657.767,972.184,-1021.508,-749.298,387.715
-384.45,786.47,488.335,-850.133,-657.768,964.24,-1021.782,-748.384,392.561
-381.287,785.651,489.243,-850.573,-659.436,966.165,-1020.126,-747.68,390.108
-380.804,786.122,488.649,-849.003,-658.223,963.289,-1018.348,-747.506,391.476
-381.562,785.833,486.517,-849.136,-657.625,964.947,-1019.984,-748.112,391.126
-380.638,785.063,483.331,-850.265,-659.403,962.983,-1018.958,-747.792,386.17
-380.352,786.375,486.03,-849.537,-658.473,964.761,-1018.865,-747.331,390.234
-380.634,785.44,485.653,-849.751,-658.633,960.986,-1018.346,-749.202,390.522
-381.658,786.326,482.924,-849.35,-657.371,964.135,-1018.786,-748.887,389.052
-384.267,784.634,487.347,-851.742,-656.144,964.81,-1020.648,-749.935,393.447
-382.723,785.549,490.57,-850.273,-657.012,964.861,-1020.379,-748.754,392.283
-381.774,785.396,487.911,-850.201,-658.424,971.378,-1020.083,-748.726,389.552
-382.587,782.424,484.699,-852.096,-660.696,960.192,-1017.874,-750.459,388.187
-382.234,785.156,491.076,-850.892,-662.855,967.243,-1018.999,-746.259,395.338
-383.008,786.132,484.399,-851.073,-657.839,959.849,-1021.043,-748.556,391.193
-382.694,785.024,480.447,-852.277,-658.517,961.003,-1020.82,-748.929,386.881
-380.462,787.86,484.706,-848.393,-659.951,970.038,-1019.505,-746.65,388.46
-381.742,785.625,483.387,-850.794,-658.431,965.27,-1018.519,-749.021,384.734
-381.559,786.077,486.474,-851.888,-657.499,967.241,-1019.247,-748.505,392.231
-381.565,785.601,487.655,-850.853,-658.782,968.994,-1018.542,-749.074,391.681
-383.06,784.718,483.717,-850.93,-659.428,963.387,-1019.103,-749.978,389.992
-382.123,784.758,481.916,-849.435,-660.431,959.428,-1019.029,-748.121,384.847
-382.205,785.032,482.361,-851.986,-658.221,957.143,-1020.619,-749.211,381.923
-383.849,784.128,483.982,-852.456,-659.744,957.233,-1020.216,-749.986,387.283
